{"inputs":{"bazel-out/darwin_arm64-fastbuild/bin/devtools/projects/shell-browser/src/devtools.mjs":{"bytes":1188,"imports":[]}},"outputs":{"bazel-out/darwin_arm64-fastbuild/bin/devtools/projects/shell-browser/src/devtools_bundle.js.map":{"imports":[],"exports":[],"inputs":{},"bytes":538},"bazel-out/darwin_arm64-fastbuild/bin/devtools/projects/shell-browser/src/devtools_bundle.js":{"imports":[],"exports":[],"entryPoint":"bazel-out/darwin_arm64-fastbuild/bin/devtools/projects/shell-browser/src/devtools.mjs","inputs":{"bazel-out/darwin_arm64-fastbuild/bin/devtools/projects/shell-browser/src/devtools.mjs":{"bytesInOutput":77}},"bytes":324}}}