{"inputs":{"bazel-out/darwin_arm64-fastbuild/bin/devtools/projects/shell-browser/src/app/background.mjs":{"bytes":17252,"imports":[]}},"outputs":{"bazel-out/darwin_arm64-fastbuild/bin/devtools/projects/shell-browser/src/app/background_bundle.js.map":{"imports":[],"exports":[],"inputs":{},"bytes":7134},"bazel-out/darwin_arm64-fastbuild/bin/devtools/projects/shell-browser/src/app/background_bundle.js":{"imports":[],"exports":[],"entryPoint":"bazel-out/darwin_arm64-fastbuild/bin/devtools/projects/shell-browser/src/app/background.mjs","inputs":{"bazel-out/darwin_arm64-fastbuild/bin/devtools/projects/shell-browser/src/app/background.mjs":{"bytesInOutput":2007}},"bytes":2267}}}