{"inputs":{"bazel-out/darwin_arm64-fastbuild/bin/devtools/projects/protocol/src/lib/messages.mjs":{"bytes":8248,"imports":[]},"bazel-out/darwin_arm64-fastbuild/bin/devtools/projects/protocol/src/lib/message-bus.mjs":{"bytes":1340,"imports":[]},"bazel-out/darwin_arm64-fastbuild/bin/devtools/projects/protocol/src/lib/priority-aware-message-bus.mjs":{"bytes":9428,"imports":[{"path":"bazel-out/darwin_arm64-fastbuild/bin/devtools/projects/protocol/src/lib/message-bus.mjs","kind":"import-statement"}]},"bazel-out/darwin_arm64-fastbuild/bin/devtools/projects/protocol/src/public-api.mjs":{"bytes":1278,"imports":[{"path":"bazel-out/darwin_arm64-fastbuild/bin/devtools/projects/protocol/src/lib/messages.mjs","kind":"import-statement"},{"path":"bazel-out/darwin_arm64-fastbuild/bin/devtools/projects/protocol/src/lib/message-bus.mjs","kind":"import-statement"},{"path":"bazel-out/darwin_arm64-fastbuild/bin/devtools/projects/protocol/src/lib/priority-aware-message-bus.mjs","kind":"import-statement"}]},"bazel-out/darwin_arm64-fastbuild/bin/devtools/projects/protocol/index.mjs":{"bytes":878,"imports":[{"path":"bazel-out/darwin_arm64-fastbuild/bin/devtools/projects/protocol/src/public-api.mjs","kind":"import-statement"}]},"bazel-out/darwin_arm64-fastbuild/bin/devtools/projects/shell-browser/src/app/chrome-message-bus.mjs":{"bytes":8271,"imports":[{"path":"bazel-out/darwin_arm64-fastbuild/bin/devtools/projects/protocol/index.mjs","kind":"import-statement"}]},"bazel-out/darwin_arm64-fastbuild/bin/devtools/projects/shell-browser/src/app/same-page-message-bus.mjs":{"bytes":9113,"imports":[{"path":"bazel-out/darwin_arm64-fastbuild/bin/devtools/projects/protocol/index.mjs","kind":"import-statement"}]},"bazel-out/darwin_arm64-fastbuild/bin/devtools/projects/shell-browser/src/app/content-script.mjs":{"bytes":6483,"imports":[{"path":"bazel-out/darwin_arm64-fastbuild/bin/devtools/projects/shell-browser/src/app/chrome-message-bus.mjs","kind":"import-statement"},{"path":"bazel-out/darwin_arm64-fastbuild/bin/devtools/projects/shell-browser/src/app/same-page-message-bus.mjs","kind":"import-statement"}]}},"outputs":{"bazel-out/darwin_arm64-fastbuild/bin/devtools/projects/shell-browser/src/app/content_script_bundle.js.map":{"imports":[],"exports":[],"inputs":{},"bytes":19762},"bazel-out/darwin_arm64-fastbuild/bin/devtools/projects/shell-browser/src/app/content_script_bundle.js":{"imports":[],"exports":[],"entryPoint":"bazel-out/darwin_arm64-fastbuild/bin/devtools/projects/shell-browser/src/app/content-script.mjs","inputs":{"bazel-out/darwin_arm64-fastbuild/bin/devtools/projects/protocol/src/lib/messages.mjs":{"bytesInOutput":420},"bazel-out/darwin_arm64-fastbuild/bin/devtools/projects/protocol/src/public-api.mjs":{"bytesInOutput":0},"bazel-out/darwin_arm64-fastbuild/bin/devtools/projects/protocol/src/lib/message-bus.mjs":{"bytesInOutput":14},"bazel-out/darwin_arm64-fastbuild/bin/devtools/projects/protocol/src/lib/priority-aware-message-bus.mjs":{"bytesInOutput":0},"bazel-out/darwin_arm64-fastbuild/bin/devtools/projects/protocol/index.mjs":{"bytesInOutput":0},"bazel-out/darwin_arm64-fastbuild/bin/devtools/projects/shell-browser/src/app/chrome-message-bus.mjs":{"bytesInOutput":892},"bazel-out/darwin_arm64-fastbuild/bin/devtools/projects/shell-browser/src/app/same-page-message-bus.mjs":{"bytesInOutput":1104},"bazel-out/darwin_arm64-fastbuild/bin/devtools/projects/shell-browser/src/app/content-script.mjs":{"bytesInOutput":462}},"bytes":3156}}}