{"file_hashes":[{"block_hashes":["stnbepg8V5ls4DbNddNj8bbMD+jaG+nGUR+31kc6i18=","8Rd0KOCAjhG/1UKe6pd2gy4wgHdKcep4IZPvhS7YQYQ=","xq8Dgwttgovz5v8QgCrBx+VIbQJSRFwfOfyHThyhyPg=","37MAI3mAjIoT3WvdJAdaGi3knTme+DY1dfvFwnVU8lw="],"block_size":4096,"path":"079db4a1c8da8ec06700.woff2"},{"block_hashes":["PR89Ane6MISUR6LnDnZ4FcEy20YVBMaUkqaqFJkBZuU=","K6AH2bwJKy3/CdsKaC6WzLrX5HWytmnx5jI3Kzuqh3w=","Md0uSHJGpkZBBCsSmyJ8g4P1YBsYu8TddFhrsaFKa+g=","goAqpNtoT4pWoz02L0yzk3kvyInLQy6yM4lC2Wf/Guk="],"block_size":4096,"path":"56f3f8ac2e0a51c02e1c.woff2"},{"block_hashes":["nCRtWWOX/C7iJ8hW9ncozLN/0Op9jHA81xfbKzBLEao=","wmvjXGjoDha1ULicc0Oo7K5oAreJogF9TcyGP9jf9KI=","omXpgZXks9jvCuDvRKwd9YOjJKT3F/tD3E2h8usHtN0=","+CUeYxlAwYL3Wd0LGI0gth9qhjn7BmW7d9eudTcaAIQ=","Crn41tIIz34l6uNGaUuKWEBWr8PHe9jEk25yYgHb+TM=","XXrWDK3uh97i/jtnMksr9JH+YuMLpmuB2cuKluFf0dY=","d1JRsLyqLYGT4OPR8SlArOV6yDpgY++62wZCYbJNcC4=","ljWca3TiTG6mrprWxCwxAsFH0ofTbmQItZ+WDn+FCuE=","USmZh5YCoI4/4eyMXXFqWyxQ8coa7BEKyYXBcT97EV0=","ueCU04Q1+k36h6AdQGV2c3StHkx4kgW7mkCDac+PUS4=","YrCGM78zFT34xvUy7VVJ+2SFnQAe4aPXMr7FIMI9344=","nawtFZM6k9FV/FO93SGdzXEGEsotWgliUQ0o8SyXso0=","b3s1aWm0w7MyEw+6WoL/v3zq4gaLxi6E2ewOgEDX7bA=","l/EKnAwBfDre+xfGr46tWWnE01yq0ZyP8ZN0auTUKLY=","Ke474eCyP5uBWRI47SFNZxlJcjQW99UTJ4WOOxpnvww=","SpBlKyeDXCt6AnXwERF1N+PiQsBzB8FUhbKwd4gdhx8=","ynocbqqaIXatbGoVXpTVkUzjE1cibYCqBL6UkCD9wF8=","XKFn3+zp/4+CdEW7sEXKDNaNLE5hZgCo22SmgP02iJ4=","cyGKT0hwtG9bUgD5/9G2Mpuy0Iasa06j/K7oBUvjax0=","YZYpgdIjpHUg06LDfeD3cKXdMxcGWkwGqKHCGB4KPu4=","GFO0PfCf1t3hNmSJMOk+5dSuK325viuHaK7xrK3h+vU=","8EIvcIjYvO9XH3B9j59QdOrMxq3fEwQPiWgqvrd40W4=","8F75oaVaufYiL6YvsGUrxeTjo9GxmKyO5blxOUkH4Yc=","LQvKq5ngsVzNBdYRxeEwzyOmm6B2MHPM+WOnq1ULcTM=","U1mJq43tfeeu3CoV204HgAyBnIsN+VA0lzxOtkGU4Bw=","THVCn7xoDJXn0GRuR0/xoZmk1WXUbep7tVA/4ZusuUM=","UgEnV+L8yNbzXFK+e+Hq+pHiABdn4jBaXyuCqgtx9pw=","7Y3N5DqTKcPGiVr2W9wp9RG6102YczVo1IhspZDJfEo=","XDa/cAOzPkO3mQoVCFtk+kL1gYxyX62mG1EuItRJN2c=","AG5EMgvjOeJ/Oh8VRWXvyRlNHu4aCvfx8J4LNqieRPI=","D68GaVAKnhzrsXs29LAr9YdZDdlX56FZgYBsrNSeI2g="],"block_size":4096,"path":"background.bundle.js"},{"block_hashes":["uauIHrBtB509RRGA/hufsnxGqnb+1u6G80soS4+LnNE="],"block_size":4096,"path":"background.bundle.js.LICENSE.txt"},{"block_hashes":["MFYyTudZrlxr8bDHv76n/dkoVoOChHXfexXiJlBjJWk=","5xwgDt/g22UfBb3nQVEHFCIxy1wILvDBpFcEnetxNlY=","LGTSV5/YuKanPFqxGGyl8yfSYq9Pe/DFxi9zw6FNf8E=","e4i/PKFHAp8jHAfHM/8k7AApdzO6JzQIh1QcBYTz3Bc="],"block_size":4096,"path":"c60b44947671d757833d.woff2"},{"block_hashes":["okyIXi1kcTOiSiQe4BHw7gNt3qTqq+wvp0XygXCQtUI=","f7GI9uttfWvS579Iy3reLj9QqjJIvMdbjp4PmIkAj8Y=","ELC0API7xhtcMeDRebMyd1srwXqeIm1DGxeTftBQPwM=","1U58/Lk9fHfE1XsPwucxmibuu3rX09Br3wLCaMe8KQY=","Gc0vKvHuqR4hwGwBh5BD46TN+X/viMWcrEpvUIUAgZ0=","CRPxVtFF4lXvzrp8kbiOfkIo1DJcskO5KpGXrIiJt4o="],"block_size":4096,"path":"content.bundle.js"},{"block_hashes":["pyMu4E4qulDVXC8QjPKaKTzIe9ULEhipvnlLQPR//Ak=","zMhcLUfSE/ecZpbA3EhkuG5ziMoaF+Hg3a9lsdmKU2w=","7d9KZxquG63/EhnQ9CHoVv5kvGYpcy7/Ub/KU1zohb4=","9yeCTg+ifQlc/sZhEBJ4FDa+A+H77FmFElPThxoYhvc=","uI2d4mKA9j3prj6CtzBB5Rf4MFnhw8fU5AVFBC3czT0=","sxJko0yNqvRZHP+cXp2yHC6TQw3BT3A4/bYPD0peo3I=","GExwkqWdyTnIX2nymjuKyDFjOovIeGVzZ7HPchb2/hI=","oFTUnprTNh2kurP5gEiQPEj/wrqOwLHDyQ/TV3NRTM4=","Z+nZw0CV/u5eGJCg7Cp95bMdls3goaFUOct+VmnotZk=","Tepso+2MjzE3eCb3FDz7sQvFGnYtw0Ghrwzbc5nDfUQ=","E7zOGMUd8718O2BpWGpe62r5OwoUxyKZjavj1QBXoWI=","/3+lISDPrafvNFETR8/KglLDF/Om3n0WB1rXezvOw8Y=","5O23SwlzLAdSU1293chCIVY909tPkb3lrfHm5GZWs1w=","lA6Nah4BXRgvXlGpAbRAZhoFWxx8H0ZXnK4h9VUYVEk=","6Puzz+1qFesVA8fM146wZ/YWFcv9DEAiZU/YklNO87k=","S6xXRV+1QEg1mCfn1eUBK45/HncDCZzIAwkDKj5gAf8=","5ZOpyWsm+ehDGYt3Ehqi4UBSEz28vtgdSJyzF39l6hE=","97d01frutAjsoaBz8k727FsSdO1CuGo+XCUcSKd5qzM=","sXvc+y1k1V13pshrgAwACirsuq7RaJ/QCpvTf1Az7iw=","C55HK3lO7rXJ2C/l0SiXZ6a9f7HfRu7rGqW832TEZN0=","LiE5stZG5nW548E224DAMCoLE0HxvRJm1y+ptu7Gzcc=","rIgw6GnhNZUTsuiE2zpGSFbTIfiuKFn7qvvr3LQGlCs=","+OGNsBClpyHKCJiPUUZNDzS1dNZ1qacPb5DrblkuUzU=","uHUU4RHbwjumaTJyMbj1lWDy9xbjh+vIpBpxFCMgcpk=","1/L4Jme2oY1ZtyKyzPW/KUyrUmXERoixnb/CRICofNc=","kecpi2kLSE40cTHzmkSeKaA873XVMw1azs5ei6Q48kU=","uBUvs7ixlcFX+9L5ua6zPUtPAbMf8s3RYXcYo5empuU=","zTJTpjWNGDHjmkY+ZW8MaZEUaIaRoXc1dNaDYAxf4Jo=","+R/6Fb3JP/KxEO5XhtEoT0LvjUAoWfHFslukLeXmiTA=","spRWgBpjNdXSZRCePQebuiNg4+D2Vpvt2gAZln7AX7o=","n9ao7B2ETzEZ/qCPOS3XFYaBFA2ug5c7jDO3nC0Hegg=","DecT+x2b6Lvus17Dbv6dCZk444+q1g8latR/o+beqUY=","NvX4rXTLyl7M5/NRFCzEGYjz5yv9ZatiCKIS865dkJ0=","uC6mx5OmYrD09EIuRefjJiPS2xitNvmBRDcu/8p8jxE=","oylVPjd9XCAdNpmyKXgvjMMaVNC1qPmoybd/F1osA9A=","R3kCFO0sIj6SFyMVBq2DIPSEP3KGTclE/yozxk+2An4=","Fpr8wvSl4tKlZs0H7j/Zj4Ia8RiIAsuDzG37XX6t3mk=","vbaFjDvYXQq+uqaN85yNVyrjJCqV5S8Pmrl0t32tX1A=","OqI3sz1fSHvEN5KEF/nO3jnptKdxYCsaIhOkaOgk+8Q=","axxLbQ1lZO2qvWtON6xdyG7xSn4+OWe4A9roYXU10Pk=","GQlyf4oCueeTU2SVfy6Xwu4ydH/EE+Geuot0SfZ7DBk=","WOwCcmbSUv3j6S/25ATEmN3rCuz6QAORZha3bmssj0w=","h88AMcSEj06Qg2hbPpmKSr11U0fJuYHhc+eGOMsW60A=","d11ySzoTwWi1Os5dcStFpPN3g7g/UftjfXZ6o5ZWOxs=","oE/yPI8KSzSs1rH+XN0WBuPn9sXCJT8talXQMOOSeec=","tkMicxGwibysEJGiA1JyrAW+I62RRU5++C4h977c+vA=","GDNL2Q4GHv1xxNAGwR1XZ1e6KYEAmtindLDavOFkLlU=","RGuKGNNuOyO2VB3qLS/a/W/aA1HnUmyphrQ0k9svDho=","IbX5j137SZgO5LnNU3xmI6S6vPXNa0sj3HchmN8IHJ8=","xHcNQTNMxzoEZCDaocxGsjduHcXIGnK+Zct0ZkUdBpY=","cO9QyouGEgY+H2weLW2x+fS3l21sF2ZTrtP5rKPvzq0=","zB2k3lsBMe37WU72CJmZ9cjDCR0ZVjv1VHbbiw+s4LM=","pxlifRzAYLyx5Cwd1Hl9XtXIJ83O/7vuaOy+A5m+CLc=","ZSYvp0Ach7/eZueaaGcUc671m/HN6lcV66oXHGA1BtU=","fnTKZZEGY4fj5fu/WBMQDbZfLpH34o9Bsue0B3s0ziY=","Bb8J3vdr4ClWICNyKFvx5zqWiW3avV80sDIgqtuT3FE=","Kiwbr3s3iRQ/2PbY3Dps5jXGzBrl1l2NZ8rFtxFVMQU=","yYDwWDVYmzerG6Wa3G9vFkVBu0cvt99Nl7Bhj5L0pNI=","6q92ZOwgWrSLA/l7J+qKCwo6Ws/uoh6ObSGYF0u3pW8=","Z7akIUgmnZ6bVp6G2Oem5sGtIS8JVY+Q2enV6Lw7d+k=","3uu+2UKBfRQnnnh403GepM4h4DCTtJH8JDcx3v/bJOg=","tsKEknpiibvv+sTK2CSkRDU/43NDMtMVyaO8hZgO26Q=","+/j3ade/NEcAKaPKg/MFY5RmBJpsCdIm1i5VY7/9a+M=","Qec0ASQ/DLDDuCyKojFFstDKvU60GTK2ESdeIO6NtwY=","1BGAPpZad4oPmCyRYuL5tZ6HJ5nT/o1a+bPuH/k97Ig=","eOeqCKBSp7DTOcyeq7cQEGCHK0vO+5Uh62UWQCrQUV0=","b0GhulpqcxXvZRVDJyuAChhkTrnY/arz5bz8PYq2F5k=","CldRnAIYZVNBb8qajyXajmSE8q1LEFjNvJ2YX03leRM=","wkWAS4hYtPRbRvcVTj0iwd0wrmUlFt/mL2pf+PhdqkU=","xhsSZjrtEXReUSvuc/aOFaXXiNQ6LWhKn7IdSGex2IY=","8/3Uc7hJAPO4vboNP/YVAtM4nSvqqRjJBXXWFSIHg7M=","Eew3VtVEogbJ36Td6DBauKuX2Wgj6p9HSwMlxyZor9s=","e3/mJ/Iofdt3rdx2qSYRNq6Y6NcZ+ApDkfqXLt2WgqE=","4BhgnP+md9k6mPAVMfnLFxKcMng1V5YiEWv3TMby13g=","+Vs4xnAAWJ8I1CKTY+X2omuQmeK71jFd0y1WKNMMnq0=","dWunykDo8RLs6XJPEQ4qII2zpjkg8oXiDM9mLGSOBhY=","rhJ1XwRO6pQNpbp7F2Du1VirQ/g+XFC7POAJVU+88Hs=","IUnHveftkbIEKbwVtRxhiUcuklj2AbvbWt7pamKzbrw=","fYxNF/Ko+Bjgt6PDfKiJ96jmYluH3wSabntZlIeUSrY=","V8DBbZqa5LftVZKZVAtl9OUMxj0Sd3vtB0t/6TXdmfM=","t2+vWvH4mcZaimMgIB5KM5xqrpcMYbU1zIKP72TP2xA=","oDS8c8ujdsq++5ZG7w+Gxfte9izo4QVU6dep9bcWF7E=","PtHCuJ2Cbq40B/FS6TrBnG5p+kw579HZbrj/NqY1HP0=","ah0Qh5hoQXIsqFnEy34S5+JFkOEW/3s6Rp4+vut83jc=","H0dJZy0MqNSvs0WhXpY2lvueRz9n2NnRV4qkOH9bZXc=","JK4906ySm3gUZJtzlzRCVV/aPWRQ6JOO2yhU9qppFMI=","AaiOvG5e3HWulcnzcb13M5EberAaBHGGd4dnRabcmk0=","UT6dPm4D1DXvb/bWpRAJhznTDfPSdTlDPs3yUKbyID4=","QMwxd+JmY5BA41SuQpyKyOXaxhYzHvn+K6rU5hpUQ6A=","qgJEvbST8Z7RA+ZpvjOCV9f6ph6slSIxZhVACxIsQ3I=","KDSRsCoNa8bYifhlNKoD7XWTTkswzdkibo9XNCK8EvA=","e511Lg5K7ZSpXJqR1zu7ct8yyN0BbPMcod2QmW4B9Jc=","8bvedzXLzNxq/Bzv1/7oKm14ejpsd/B5v2iWYgAFnc8=","NVyUmf8mCGZqOt84pPnI7SZ89pK7glnsjaXxx+dxU58=","KznAAcSwIxuOW3h/RCn1dduq0JDZ3hdjrUe1Vzhv1os=","s4TkQObG7XKe4O1+JNrldy3HakkbOK/cz3xWaZcgu2c=","lhm3HNWv4mZ9592Lkx/OcS28nC4Rg021KzBZlaFbTN4=","WiFgwnxBsJZHdcQ2k/UBF9I3tvo3BfmQIa0LjiMIynw=","nhPNwQrjvaYYqQJ9tpUCcdk9rLKdXKhprH1gg+cT7hw=","Qx+jQWHrtWImkLiDPc2Lmzz8WEtsmz+EAviEWbm8iK4=","xqlNYdAOTk5FQF27LzXlDXD6F4HGTVpfkUUGrs8swl8=","g97FjlAUpRLp4oqpF4bI5iP0H7GT6zMWCCaUyUrYO2o=","3/NbJgOM0kRiKK6urM4KgTWJ4lCCXcKIJ3BZQ/2P0ec=","WdoPOPWSTAGQh+wWvOFGdPiL6aaoign8DfKoilkgjNE=","jWvfAtwX9KKgokMwt0KqaZksobvVULU7mmG1ViIzhpI=","mkqDQ+xb4Lqv2hu8IembKFr17tgEVf4x/S82zU5sO5s=","9ou2q62caBI/xzRIccaSL7C0xPPuDoDKJRS1nlhsn1o=","66iYPEX08q7mFQ4RE8gE9nb2kFAnS9oQtDcsc4n7rfI=","EEsDIsU0AFkjA0dn4OZF/FVmdA3q3CvqPK621wSryUw=","9MPuDj9iZLO6aj0p8f8aL2BANx+Q0OAsW4IXGCjDvTo=","rqPOd566K3ek5uhg+V+9w7OZ2YEi1m2Xsnzjy9y9CXQ=","wvp5Bo/dk7Hm6QA8Ujl0AD4xF4C9UOc6DTWrTbXcpxg=","yO+eGuS9bsevuBWPvsDRiwgchxiiJanVPWrJunxfLTg=","FTO6R2iR/bbK2AyCNCb7DOTbKDFBD4BsGAP23Sfad8w=","am6Di0MQYDyLda+Xfn11E86XRVDEyPLvrTjjTbNsczA=","hbpUAfSISitVqOZcBeyHbqqBU/rBSUh0CxTMcqa9c8k=","3ahNUmvmO+ckeJQnWo//dVytk11SuQVk05PTmIfdP8o=","UP92I0HkCGitCtYFdvyqZvvIV2AXK9IjksV3z9QZAlU=","bJBtual2c94eD8YuXFDk1RQ5jni8cBm+SljtaxpX/1c=","GO/n8gOPfX7LCojIA+sYJ6LdNJE6E2LoU1HyP4j+0KY=","F27N6DZRIVGvCCMeS5KmowH9EvZ9HTmta6FKUR1k0gU=","Qat2QjOO3J7/onJSjU0ZfKtFm6Vb5oJNltPzkZ7ygGM=","psKxjVyNh2g0PNuBQY8XBxg1bAWjQiPHzfZO5a7yu2E=","O3NrINZaJbz5kRUzvqOZIW9GQJRMfYrb2mM+7relvsY=","UMWLGMCiykdkQvsfEc8EJRg9bROjPnEFzBeIMw+/W1Q=","KYQJPAzHIm3RsLEo8oifyCOc8nIbn1qBC7QVGrQGtts=","N1FFkIcaT/LWdU6e2htxJkD5ATwXIQlYJu6haKDsxzc=","WrDIisZAZQ/W/2QHgg94H+VdKW1J02abHb95uERRSnM=","8KnTJZVTqZgh0xmX2/5S29qLWebvb401PiEykE6IOAA=","qq/406zWpBVKHERq3mLZXsnIz3YPZTvEccH4Y2mKWJo=","Itr/9JeAfY/+NJ+c3ggT8NGJd+GsKl7w1r7CsauRGcU=","+WBrhVwHg4P/P+CrZ4k2wS0/ohVXr0HRuTPJFCTObzE=","4liVA4IuIQkMNmYRt/qcrYXs4KcRBYgqLgIbrDNJny0=","LPJu+D8IJmXVc00Ai1z0k7tENwW3UrdwYB5FK4f9jxk=","S6xZsJVbCWaks29/eIFV6M0rT8VHRnWJfyO3tP2UfCo=","Bw2asnsYykvZlGOtA+L5CLbcxoS/LI9gp47PUzirDTg=","i/1f+6jcije5gXpcP7kWHmvyu0rMz6WqJ7sszW9JQF0=","2Vulh+w9H96mD79eXbyCShm2bHbyS31GzJ9b6/bjJ3Q=","L/VlofAV/8D32hkzrUoN6emiqWjYjiqyhSFMRChjZaw=","HtJ/JtrDivU/0r4QwHg8EZMrIP7bIyMyx4Z8IuXhCaA=","xVryY4E+txvhwfgOAAQi4RW/BoTdAMpgpBiqkYt7MWY=","a707fhio9aPOMRwYqOvlufpZ1VBHWAS9H/ckUdRWu+Y=","ewwyZKE5t4sokw6yjExIf4OtPWd8mN3G5zhEzBoLw9Q=","hdpxfWEjS6wQWZ8mYVA6lte11VlOuwufkP39hiDJfb4=","9An7VLr3zGsnV+0YJ8rXXxcME9Io0lFIYV2JNEvl/nk=","umYyrLR/LkFo1/qEpYcwbTXXRbjESShFB2Wx3lm6cGQ=","Bc3m7knAtHZvJ/+p/bOjXdLhPGPxuzN/T11RZYBlDH0=","FkdCl7VB0NGu1fbLvIImjs7re3O3NJxpgXrOhlG8r3I=","aCUGWmuoWTXQtyAtYA6c392ZNqUBrGgxouwE1U1Mh/4=","Prj8fh6Y7QgFQdbTyNOqa6mHskiO6gfIKa+oVJn2S9U=","ZMmVvcWaIkTaaZhTRVboZG2m5nCGoM+rHawoSSzmiUY=","mG6smnBl9a3JJqbeEXbcheCZQGM5FY3mQZn7gTqmoAs=","L794UlDdbFhcQo2zZ/GQv3zrPzxli2bycyQY9W1VOlo=","8GLhWDBOhCx4X25W7O8L6Eb+DXi9hOAUol6zYDUHjPc=","k6/Ht5rvFx8gSs1dAdoLPuJp5SLcwjIp7TZIyzsc1Qc=","wrGRBTXWsc4kiujtskJnS5VEGJHCNTmtev41o3e6YCo=","xlcVi1zCDQdTFFQ9vLNI/ilvWwenGv8moaob/8gHu0k=","x8HWVd6YmsSg3ZsJlBUHxs7LUiTutCbKO05lHSUIOyc=","Gei9SdEF6BOdJWeUUmBQunuFYwRtP6r+QDJOPVtNegU=","xvCOA3/GmPOtXoAzrLyC3iveD69fSF+IMskz4uzFCis=","JsD2RS+Ti5IqjIEpq7M56a5VprsWrgvTxOV93pHBwU0=","U93EQobO4lZ1q6rmjOVF3tz5wUyizK7Chw5bYv4zN/E=","/8HCBZIXYMSqqn4miDWsuKCYD1J5qsyLIbSfABBtSHs=","8u7+XSN87X+UacoXmU55f4l2QZV+8kkyuB9tzWkrGTk=","D299Bkk6YTlFQAQs9ocvsnWr9G7i5zqS9HsbDJDTLU0=","kiDlq0lBGmZVDRMhwt9fv+z8R9L8bKDDwSuR8XOH5dE=","gMDXr/EqkWssbM5hYdi6fb77mwPpl2QB9pV5Vq10BOs=","HsyZgIiFRXEUhj3KWl2HPyRXM7p/fdnNqCWU5y9V4Us=","QMFhqpjCGatlRR+KZZq82dJ10uU9fu1FPOqwxpWZqfw=","YBm/Z9/KK7ayMeib+PRaR5SzhXSdnwC1kGQfqv6+6IA=","otsRaEpiIeEnSmcTuupLkJ/F8/wXAdaFdwwOKeAt66Y=","Hsy8Z6l05qw+IYSENUlVwkd/J2o5ApZE91bvOIwSqL8=","iipOAtWYyJosHAoiqtfc9UKSTPpQJpKI31NV+f2afrI=","7BnyXt31eOFrNZ295KdR5gWmNufebX4LKiGhnza81sY=","cHVvUHKqDzXUQwYKpamOwO+zj5iAdEpCB2/i42goTCY=","q1GVbo056gGEhudahjwrG1encLw0PSSyVNPOK2jiRHk=","GWR17D4UsYpKMw0AelY3906fXAaXmjoCvo3ZcJumcjw=","C98upLAlbm6OF37FCYG9v57tykWmY/S3phLv5D/BuHw=","7+aH9o6vJjdjAtolkxHLmt031ytWmEQaoyK7QLOavN8=","dX6afoxUG9YHiAsVdd1nexStKvSo9KUAuPtgTXJA/Yg=","z6T+4tuXoLWF9VwZAcg+g7KTH/fBZPU5N+UcCc8ct1Q=","8cgYkiRpPRykd1C2qPSDDHpXjFHSQReeZPemcXRaWy4=","1EKx4J+I5T4AUvBo1BcXiWiFAFLI2fbEQMMT6V/pPSs=","lr6HSvKIZVOGt2KvOVC/ahbQ0qAkc+OPt/RSLKMmBxQ=","33SBT7RkK858eyuk+jPIMZEwVL1qvgMcyAPr/jfjvQo=","wwkZPTW7N/zBNQJprhRhAWHcFZfr3VwE2AyAewSXNDY=","hznkBs3l/XHzHQANHkwjhe1a0LFcsPwWJtY5BlPSJnY=","eWTPg6Z2+yRrnbg7dRE0fgyTM5EoFyRqTu68r3wLyAo=","naHum0hIByHKZRwZ0l6MQ6Ibk1jBdkkdgikKw19RQls=","oRaq+VR8qLWT1/LkzZThC1czGP2rcH1G9zJaeKb3Sfk=","eaTPMm0K5xdRpcs7aAqcMjy90awIiOBYvYxYFZBw7D0=","N3EwgDhuZwWt+Xc/Cq9zU+VK8e80DuJadh8AeMC87cM=","syaNpXTxmFPZJvT/1gQfPuEEYCaIe7xPheQk1Tf91ho=","YzPnJf6R5WZGfwjrUncJpD7Bog2A0dnM7XJRfNYuT5U=","t34aDhyofQlPOh8svCaYINbiPIkZHPFtFfvRgW6n7w0=","JEYO5QeeNdJNyRCn5jlutbx0iX7/9uxGwL+aonrQsFc=","BWk202LWK4fxsTBrOdN2wYgZhBiYw1QBJrrqS1KVMnI=","fGa1hZxtYne52kGwOReZKXtZN/Win+3VZzgczZq4g8g=","bxPD1tlNgj/ul+qBQ0Q24LXAClsMXGvIGfgfLtimhG8=","470QZDqukJbkPJitz+pOTa/4dQ7TWY0P/JWPQcAmFUY=","Y4aj+iwGy7crCpyUpJ+SdxQSO1au5E5Pn+KpPsfBRCU=","KNaPiaVFMGNflUXVDaqz9FLh6rX/hqjl6JMTsA5Nrl0=","hVd1JsmBEV9Ka0m49gZJAQkcuy5Ji7HQ+fCbHG56ch0=","WaQ/YD5hZWrZ4OTiEHo2xGly1dL2AGdu7y7d77uvTAI=","8MlmxnxvjcX1e1keECWQKGRVNyb/a+YcvuFDFCU/Q4M=","6zfqGjbxTvHb4U8wfQmAA/d05aCUzXSlSSIgPzoFVJE=","jIf0dpSRbqtGjz6ZdIsoB8dRWmpskzLG2CxhmUfRNec=","TMdLsqPcQk0Y7NVEG6Vcf4q5QqEUMm7cWpUpH91kkFs=","qX3+rTf7Ep5wq5W/Dp9WyoM7A38JptMf3lcuUZk9J/4=","/2jHGQodetZMKT7WrVczH34ajDRYty1WtomQIjaI3xE=","sw69f0CExP7mcWgwct6LBfrWr40V2zxHwiAGBNMnZSs=","BlbwLh9PicWaVUBmCFF2D2eIL07oKfC9iE4EEXbE640=","EtuzE8mkvRjgo/kFX/oo4iSHrTEQtblQRJyRB6yvlBs=","RmRZdzATWwLRzQvFar6+tXZx1H3LESG5z1wsVcB6CaI=","naI41z1KYaStK9AtQntQGiPnXAFABfjH8/UAOgKKxlI=","u2Tdx17Zob7FCSRQquN68VwOBNpECptcs5C7UfVQ8zw=","lDz7pYKQ5RHpCAhXJm3Kx4IzdSghDghRYgg7eYVPEKU=","IhuK6x62cMdAoyBIcDQCclA0AUtZmJZMY/JAn3/AdS4=","os7XUvOIjw42SgTLl4LJ8b8NtZzH6PKk/pVyqhf1jBQ=","Rp98XGilX15p9+iW7Lhx+ClZoRqkpT5lZyJaob95vRM=","hy6x1WTfHnK4sGQ0jCWlq1IcNg10sOzPKA58ktghgM4=","NOHYvGzbGHg6sX658wmP7ksC4tiKH8FxDuZZh+CEcqk=","3JVKwvnWzfHl1jSkQcNbn9A3viBIy4gxGOmsfqpe1aM=","K9vS6ojaNppUi23uJMmvy9xvcSw7JcBsagSjnAtublY=","oosZNLHcoqMAkkaJ39dqVczP1Yzs0fdabbHk9c2BVxM=","TVb8ozUp34b8/XnfHZ7ZBhxyrAWLgrb1ihWIqODkrgU=","E4yFV5zjd3EGovGt4LKOspLL7CnvoDIlQxUhEX6agCw=","jtjhgJ9UaZWtlzQOyIbVzSvUC17DJNspBkGzn7PH3E8=","RXza7+xEuBsemWQuJbbPSivWDBe8eiGyRSi+AENEnf8=","vjSXn1KIVWuh5ajAtKlMufTqCNBRpp3Pbfb0wZPQlKU=","GkuGm7V/hFu3L2p5hLfz+qxFQqottP99FaqDIqTHX8I=","E5ZdvdD1A68thoCBX2WMIOwmvXMqopUaleOuNWWJABk=","CwgX9eAY4ceGvjXPVJMhObMOsPMxCS3tdiikUpoSUfI=","mVsfVZ268pZb6oUYiRf6f00YGk3zKdEkqv2+4QRwtAk=","52FA8zDvEjPCeECimgyhsisr8QwAWiz+DzGNUO838aw=","4YEuQO7UgiWP4EII8fTL6Y7amIrAJQ6YTNQUaoSj064=","pDLCq+KJB+ozp7DRHdSYx/D0akEvTqcv554H6q5h5Ks=","OqH4GnlKDXn+qdxVAa9vQX6iUF2ctb5fQBtZ6Od00rc=","E3GnecKqaZJ+/s+e4cy7WCRdODu2/5l1/oJo0DwAFHc=","dsE/30FLAxcVWLcmD5bcMEH4Q/ij2JZ6D6wXwrw8bCg=","NrUG+39nDe/2jOo3uGw3NczJKppJ1NZx9BLJCs6rqWc=","klz+X8nR8KdgcrmJ59bKrAi8ZKMKbJ/SFCRojNe4gfE=","te1jzrd5G+LReZ2f3IsIUwm7H1YSetrJO+NIV8284h4=","4hymEjwNLuMI/9PWLtL15g2Zt87c3NENeiUYYC2pZ8I=","Smp2lcy1hTgQg/fEWboTGcnrX7+BCLlt3wq60esHo7Q=","WhQdfxKdH8fy5mNRgsgKfLvx7YSNrZRkwhJjMvaHkSs=","5Fgao7sM9ZyNwMsTPACTWgXBlskXiy/PX+RrwBt+JK4=","XbuO8g1WZtM+2P33VazbW4CK4rlD861SruQoi0jrnWI=","6hlp9XZUYH1xyQQIFWMo7nRRGzyRhVW7Vocs1MvZD3U=","FkXvxhWBfEBDE6DZjOY+v6oDgA8Z+ePChzQeR3h9ECo=","ScYYgBL5T0JULcG/M1llzoT2whBKbcFpSbea/6Bq4xY=","2oyuUPr8dxtZ74nzZqVDUSajWL2efLU+B1stfs5boMA=","3Pwz7Nqp2saMByTpCb6TiSasDX4GrSrx5jsl0xeS2fM=","mVP3qloIEfKUgo7mQi3hWuD60tc/YuKSIIdx7qlUkZM=","hR5G4ERG3Tp9nwBHaEeO6Jo7019YgUGINHgQJAF+UMQ=","jTqO9KDp1NfQ513XdLEHsfvtT+MNEYfal/z9UGPe9kY=","ltkyfCP4FxEMVQElNcbhm5QM+es+vgbQRhkut8Ak7T4=","eQ7W9A3nyMVGOJ52e9PRzwhVDqxhvknDUyctkMTm/Xc=","KdPVpDoU7MYabc1NGZmHjqAltEP0YP9ZrqJY7CU2lX8=","cRkHlb6nCJsupb9fCwXP+UvLUMAmAC0xE+jo12gYRp8=","/n3MlnH1/oaoCbG7gzG78qYGP9/nK/o7smiazWkPaQw=","uU/6VZiP8t+FouILgKRGAJDPqXwf5fNXqw/mE6AwaTY=","/PK28B3Aj+Y/3o2Pf+iQ9mkBo1Wf05FNqyqSiRbuHpI=","0DAy5ao8BnBuBHeRr5GtNXcFsGkJG90uApP7Ax9WwpE=","0U/pWGq2yIeYglEkcDFP0rSASTOS8BVZw6f+fpqot1M=","1COwfI6/er2gACN1dpEtKnvd0TfgDoP5OfLMxbPnKb0=","gN02pjvnLmXMMzyDGSyQkLkHR/nfodA7ygOY7niAEbc=","cUdb42OfxW97/Mb+Vc53jLwAgAJUYnN+xtLRxRrztnk=","cHecKHKYrTQoaSsJRnzTYgUg7GDVTRU3Haqj/rR4m2o=","bj0i8ZELF6aEpkxzCP0STHbBLDKSqZ6weihEKcFD8DA=","lupF5rEYo/84e95/582s/E2CohlJAr2l+IZca3o5n7U=","cRXGIyKiijgDR6tOtzSQ11bmbsx5yYTAG56v69HRSgk=","1JjEErhE7eF2yijO7iyA77mKqpdFMHGzX02ItFiCRQo=","eUjUl4+f2FKay4gUj2L/WPHvF3iCEIicNxeOJMReN1E=","fU/Bj0+pBhMdQhtQvKWszXEXMhR1gA+oWgSsxWmF5jM=","HSpVYiEUyq1S/DdUjiBHI/UnTSLmOjUKtdKphtUBvB4=","6mvavRg1EfwhP17maNzHdff18k5kiZ06xHLWMzl2N4I=","J/jh0SoEU8ISCKZhrzDpKGDEy41zGyCRcjaI+Dm1tww=","DjyYk2eO2UIUCe0vEJu0NI7M7IMwBHCy5nZkqmdQRDA=","wE5TcVVYvUa8sv7OVrFgQzbi9rwmZzwvCC7rZBNi/eY=","+EuuS8lfUGPxDeYMsp5BzMOlO00OMpACfmhL4FXY7xQ=","Yn9yXvsYyojNXVCcL1rjjy9rLTDHx1+kXAbd+An4Bw8=","eZ6dx6gYse29dP3XYXwdiEcsz92LkrzILP+Gmxjmnk0=","Mr2C9wT1v0gfv5nqw9AjFdwJ9Qt5OQI5/m5iUCIrGuQ=","VjPD9g5fuNteRL1x5sTIljlSWleUlT3cy9Za4ittfBI=","HFdCpYn80tJ+thK1smJ6ggTZSk6tsrHzKc3zXiV1MYA=","OOlGooCpy8JZFqFdTijr9rLCLrN/qAesSXVdmUfmLH8=","STIuFL5jenvfxUwLL8GiY1066RJprochuvEd2+y4iEw=","GQCXOJyEI2/Sk6rk+1Vj77f3OJnYmN+EXVyO9+nCDS4=","ZUuyFdyKr5WK3Ty/FgOgLlQV85dUjxFG7dXdoR1+m8g=","hyNDem7mlCGET8+3tYCBqByprk8nITSVNDwSjQT0s1w=","hjWHhQTrEDFMi0wwvS5/XZbzYPrfGerHAnIl6UJ+WFg=","7XVXwIejGbXVv8CWskPTxGZ2lMg88rugpkXONtAMkn0=","70Koz/zoJ7JAIunLFg9x5vzSme5Ji60n5pymS7YoDec=","N8J/lPSA6bfMPRh4NmoaFHUxgWGCJZ0AfIBL1bnewrE=","4mNyjpAD0PCHDv+icUIdq1f0S3bGx90N6bi8162Qn0g=","49w+mt8+BsmszKn7SCe3pc7IaSePuUXRajBQTHfvoCo=","ZFXMtgLwwaO3NSsh8bBGNgnyMhXtPDEEMpFSoKfGd44=","nvi53X8zwPn98xClZZqbf9QhH2ABF+90SeNBr91LuXQ=","h7/UZTUR5m9gasAedxnsO9rQ15GvD+RXPGVKR0+AvTk=","CnMi3TFGlJ0sksTbRKjGKb6InDxRH9DQRdbti0If5oI=","GUAR0lHkVoSZEPpfySo/u6dtKMCE9l6L0OBJdsXc3H0=","bfJ+eUjYRA4N4DLoi15Wst3pFMyhzMB64os1bwl2Q/U=","UTVyyW02LmKdcCZ3si64gaCopEfluWYnd74AVNNk4Eg=","/KSBcTDzQ6xQ2RWtBrdKEtYD3C4ZxW7mGarTU339a2I=","0LETqGusnGxsvWdZorzC4SFu8NS8cOFPAaMlsdC1Llo=","loXJTbO70B96iBlbukVBMSUqK3Lry1LQmYxvvLgGSm0=","b2ycJWzDBhjwBDPy+l2QQ46RFiGhmsMKkbku78XWyZ8=","kTj+X/yoMWCCMMD9jqdp5rPgAZgJ9F3dFtsxJo1gOcw=","NaH8Pxf8xru8hkG8sBstxwAbCTtdEVNYLpR2thkCUPI=","boe4oKezuCNOjJA3ud3ENI2MwidFq9fL5kgMeXrYzyM=","YZc5qZaB97TSWhFs6lsTANXRfpVx8fBjF7kPa09yc4o=","UylhscCzQRbsVydXOMPK1eshwGSsH1pA9tOcJoSVivk=","THz3OIsxzIk1IqdSIDwE+6M6Ym9eDHebBVdrE3r04fs=","Tv9XE5vcDaUV5tSw0pdlZqBCiDdDnTvXhoZ53ORAQcs=","9vYWlhx0suuoUueTaHAUH3rPqilDEAeqRYtZigsX2A4=","QvngyfGT+1FiacUPfE/xb0Cb9KUeq3W88sicKQgDiDw=","8YE1m4Kzo1CTMJ7ZQa7vOiudG/Z4J69CyRUDX4ixXrI=","G9bKucautYqClTQ20mZgznCvUOyuoCVPgj6ZSon0ZVE=","Zkb39QlfCOrTUQdSU4OIR/+8cFyTl7AWhTQ4cUSfq6U=","xuFYV+A47+tdstc8C7Ds3V4Uojl4JxafUTZ9nqsrWnE=","MlQXG22c5feRTSCvqsEHDdGz2DyHHteSlnB9X85z3JQ=","Cjrs4/tr2a4Bw8m9G0JmeL5qHFlDbY0EWjRiKuDDTcE=","Do/GPMIIeP8JG0T1Z9njVEUD1Yez0e09QDady9llqWU=","j2k8eqvb7Tm/5JfqiXNc1LtYRasOQof0rk97NLylA3E=","daktG4LKEMZhept5VOTImEHpEtQMkhNjbkFioOUaaU8=","gZv1c5z1GJZO3QAJ8XGVQX0AUZZzoPiqGdPplM7+zDw=","9s8465ZhjlL+KNdwPRUTXtZ+8DIblBYcOy3SX7VpEa8=","4bYScATvZDmCrYxhEue6zCsGqKRAidq9cw00rWjuJ34=","3dJ0D2GjzcBm460R9nm15zbibkNWd6VHvfIVq6vDnRE=","jCeKt2o5XMm7wH+MRjeG5E1E0zzAJUSWydDzJuNsgmg=","TwYLdI8a+9xAGdolOgbyLuM8kcFTLyGQC7HdDsoI+24=","IoL/I8/GLk5zIU9QiOnx3rygt2G8Kt2MJHnYW0VIang=","3vm6BIfmfhtMM+h3pU8HLSbljyXldo8PLfw8UHnonAo=","QCu/qezxGv7CgUs4DpHNANfoyqtm8M2tBj3F8oSKF6g=","l4V6kfcRo0DpV2D90Ho+2mPYgsa1YlAogCRRRyJ8Vpw=","oBAL2JJwz8dK7eyUlThQ/2GA06fPe6BzDGlyTbUOfUg=","HSeNFk5dX+6h4HrShLB8DrDhaeEQeOjWm1IT80Y0vmI=","Km/SlGGY+uQ0h6PfVmlP5e5HFGu0+NbVw+P5qaSRapE=","tRXIPjMU5qfp25sBUitIqntc/rwnMBDcboQ+jKUZuA0=","CjYU4soDtcrwfEhFwWP8wvaqcGEeumbmhR3elZWLCiY=","+hs/yLzCIsMm3IvqjPNuroROaiVpVIUNOnzL50sxud0=","s3IukoXKLo2lX6v2JQY4vR4GozLsRMqNRhbQ4IJ7HXs=","0qcGdymWaNFeLRLtbxQ51HrBb9y9OylljDN/5DGG938=","H0njPsCkVs09l5TmssFI/jFLsNsHOtqPynPcsjewSmk=","LnN7wsxPDig7KL9Egjy70kFEt84FSJmi5MIxWDURh4g=","LKunPQfu/d4q1VVyZzhkyC2KDyKYhhjj/bL9mvNv1t0=","VUszqwznER5DvK85NQS5B1crP4Xmy6Sjk8GMeUxlAPk=","VZ70hs4dsfveF4Vz2t1LkwClApMHu7MfMhS5cpdFi1M=","6XrE0X4n89felzVLP5aWqGbg6UaFCbj92W6RzkEmEzE=","edzaGg3df0axwYEhRaS657V10Okd0z8QhkoXLGRv+s0=","6T8RDAYaTmgyzU1EJDCTuh9DCpQO+D61AkYpR80PSqY=","fyn/kSOYhqtdAvphllHaCsm8AKqTrYaKF2PBrBUAopo=","KZV6wWGGLqBib0ZoBvpl2K85AZvsp+g7KsxP+mppbHQ=","RE6IkXDsMIsQL9ZmFdW68lbhRaXXY4W0WakZ+JkYASk=","WCUkR/sya6s01pcCJG4E/H73iDdlsNfWF+K6QPmP9AA=","6KRciyU5VmaurvTXj7TNPwjSDOs9AJWHUROG+6g73fo=","DrkvuGp3Y9yLPWla3eciazmTB3mPUtfVWB8enRsk/h4=","rQcPBXmBWuco5wWGmyriwlM4R0HKvAo0ufQmI9B1Qjk=","4dygc6FENYXmh4FayWzJDfwzWzZoFKrvyv81uMnT2rQ=","RRFLESGygAu7rhe/4MiGxNgeJ0njjS5ZQVGKYAhvTzo=","OzePLR6XeCOVDuNATVpL51PiNPbXHKcRSXG4P6EkwXg=","s9o4lqFR0JiAVhYB+vvHlSlfEbq+Wbyrq0Mg2zaIyKQ=","4WkL37nrf7nN1EjfWgvY96rjKLWHvUwPAfjtEdszu9k=","MHiGyZZMyiYrBEpBMu5/Vat+oJyh8AjukKM+iejeuL8=","IyDip9YUEpzMoRUZ5Z8jlbul/oONcsCihS0sFvNU7XI=","TYiyQUlOj19DCqgfxr+BEF/24knGyaRk7Vd/YlbYb08=","u5ZVXfhcutZBKw/WkTBe4RiVZiy+Rjo0pby/I4OuC18=","QIzio4vhvB2b6AhkfttyC4k4oUXvcdfKpoiCRZqeujQ=","O5sicKhZZ/4qn/zku4HI8dv3t9Gk8TOh4TlM7tGuG7Q=","mmuV99C2gL3b7dgxboC6/eaNs+DOTzcRB5Qn8wTZEhU=","E7FHr6yw799USlx9PD+ohc5nRBUacNMyaP6IPO8+R3I=","XZ6Wtw+C4IilnAQC8mdWnNCwcnD/wk5iOOnsZdR24EQ=","Skn2NqvuisoCuc9nkblF4e8I/HRwZS4bY/KeCZfxi7A=","Oi2+aYKO6yN1AMt9mO0gfR1TkaH9o9pwfrW8EzrOXow=","3H87hfDfKksU6zzObrnEn2hOzarMAIXUoyPVNINSI30=","PAIExtMWFmOM02F2BISfQK8e7WSRxoXMDabp54xq39c=","SJ+zy3RusItyUOGqZI51O1rGE8k++XVqXNRJLutYCoY=","INBIpM4KFT9q3k/ZMbiYuFgrWgNCTNNtXWu7aQ6q7P4=","AjrQCqZbDb8f+I7HQ07Dcgdv2XoGc9J4lomsVBaqUTg=","7RdPWRG0L/s7TtugB/UKhXsUTijTxXHvKLo4BqsUc4U=","qOvUAmnIQm4wKCRYPELlgZrcJ1wl+QlI7ijSp2SMsDk=","Y857/AwQp2rW8zUzRECj0mjPGBFFuEqujEsz4CdO+ks=","EaaWhUW/tCt/nIYnJQNewWwrg53gHlufRlv1PirFwt8=","ptvQKOkBR/1c592oRE0IojMcHjhH8TDkiBsGw3Nphpo=","i489R4X+/0dXo3yjyWjIu8YjveFNQtRVAUkblKus8oo=","nyjrqtSww3Nyj6WhtUDdNUy4g2kgn6vRXSrQzeM2egU=","JP1UEecKxNf89JmFy78L33bi34sY92HTiRW6/zIw2as=","e/3FJK2FAZZYM4vFLuG//vQ+lAdWU86Vst3qQ0FYsak=","zw8UQ5+PuNM7C7XFY64UPjzmJobdlR2f9RjpGC2AVAs=","SZ2ySkzFDjJPusYdVpsI3H+GxnWZ24EM+aBUfOQSeJM=","kVm3NCHRbzy1jfoffFA76dzyJeP+U/+pvnHFAtPJGa4=","n11PwI7Hlj6NM1O8xEs49dO0TmjMblkBl9toNfuOMFE=","/rtQAbnCq88LWrRE0XBfaELD5kxTcY7OGYheJ5uccn4=","zyvxj8Qng7abLYRoKFHLyPeZ/K+oLka/F6E+am9aHyM=","cyuckFKLT3Cmji/k4HhTXD7qcnAHwvNzyYRJZX7jNKU=","yZ3U7433HZau2r1zNimM18a5eumY9424WdhEgsqgE8s=","z27g2OLB/3sewLmdS5iajjaQ0X4k6LAC8j5qw4kPMqo=","4lz6tgdEqkjc3Kb/Mqvb7I4C2iebEONkHOxo+48aGMQ=","i9Tz4AQAu0j/VWdZB034gu+lKzBjD3fBYDcrhTrLtSs=","1ZcO3+yWVlkGX+2KuyGGN69buuBBOtPMSJvEH0JlHJc=","PgN27i57Q2TIvIZkTdg64Nyooh3vEdwOTfNq4V+BU7g=","0RlEfi8V+PRNP9FlSh+9TCn4K8djurbJhwPd4Dyx2wU=","lQHuzZJciBleDmAHqyCKs92foAg2uEy4jMqVFjKdoB4=","G6TIeW/ERfo2cuhe2Q5qXYUPkeyBnFsj0jWcceNooBM=","M2eK7oX3oEvnfmsCEWfpqPtBr1QCb0jdW5/tE1LpbQA=","n/h6BbBmQPo27pS8DxyLRi+E/zOi+KicTRmXJ+r9ASc=","ok3PzaV0M6iQtzlr+Xa36Hw5WniDU1TzBSZEpVUF+tU=","gahpDWsf1VSSsmSdtWm/wV54Ep+4Gm8gz4bIhixEB+0=","ReL0xagV0nITy4QJvorTG+jW+fI7M4Kw97pHHDNFpp4=","m7+HHWsNvZp7osbh1iBo6gKHiLNjiAYHlcqOVy40RKM=","gBn7BI02wolO6lrnmF8NX3cQuekoP9wIeDOCmuPV0uA=","7SobSV2TKH75yDLIyZ1hV1Cys8qqNFyTRgtScQ56lDY=","B0drvdaB18wMBGT0V2wKF57B1P9ZudEmLL9e+G8oXCk=","2t1AzT7NTGHoDHECX7W+nZnUaybIMaG+etEX9RdGL/M=","LYLRPPh3i8jZ6CQvC9fFn6x9waCYhBVUvVmxvTXgGrM=","9tuBEHG3VXvfzS9b+CkYHt46vNE+3/nTbhKTWSN2DXc=","63jYFpq/n16OuvH/CQ6pWQBXGav61mkF4Pxo+/ju5WU=","K5Mb9QWv4+hBQignNeaKuRFFdvAih6sJtCeE+86zFtE=","0fJU6ad2NFnJ2jXZZnr7rzPvWVI73YjdFLHvAixc/oo=","yuxNEDo9Cf2CngDSVUvzN7h4j7tw1/nXHbf/okPHgHI=","t8SJIY/pctl3diNByP13lMzFcWJItQ+3IG2/FavNRwE=","CjGThgF61CN62gVmeIOHMB6R7LtkIyP43t5fwvRRtBg=","5VInp8i5nU54mpNvJTGvdUhHa00b962DHKJM295pNXo=","u//iQaiVyM99rERGxtc8oRnEz5JRj1Of0os6eo7oT/4=","GhSkoG9anFjJ9kqLqOG4n1o2m1T3BpSf9lMQdY66wlg=","H+d+uLAiLThgwxUQ6bhbQ7dRv6tBIYD0EaReoP6AA7E=","txUfOETpv9qKxiHlD7nHaObM5blu8x520nj2XrCCs0A=","JbeJEsazF8bt3zDnTbXuYCAa/SR/tGc3GNUMAJ179NE=","sB80nRTwRtOhRX/gnlHXe3XpPDjdwhjFBgxZqbFzNPk=","9uKVAMUw7CB4A2cThbYMtTEHiqBygF/CHi6B6g0k9Cs=","1HbcEmG5HgD3FQrm6TKVIhFs1Y0RXKz5B8QyZcDpKhw=","qyBPMBeshgw4UKYzmaoOGvDhXkSP8aVY88n6q3PLKhc=","8UutbjzziN7gn4IjlPFZbiYyttleCuqpgp8VlhQJfJs=","oIkYl6+r+k2gYbrydKwHukgdl3c3wc55ij+twtt0maI=","p7uGsylO4IuejN5JAg1HjbfxAwCAp9w8HdZ+619Tewg=","0pFtOT/YFFrO48eXlYFu4EB3s9auPQA22mL5Z7b6Xf0=","QsUzSPB7x1ADonzQP9vlCiyUQ/YIv39NjQ/uuQVv7RM=","+ti2y95z6eJuGh+sK9qeCqwyQHp1poDoKxNEL67Hmo8=","z7JgJZxH6vJ2FElO1HZoryO/MPvxm/PP3kNMIXbZCmU="],"block_size":4096,"path":"devpanel.bundle.js"},{"block_hashes":["RDegqwERlbcKpWSJpsOzjG2LI6TotLPHSM3wv0n2Tvc="],"block_size":4096,"path":"devpanel.bundle.js.LICENSE.txt"},{"block_hashes":["UJYe3MFvk+Ky8KGrVo24gadgHQdfmxt8IIifsvf/7T8="],"block_size":4096,"path":"devpanel.html"},{"block_hashes":["+az6R+DZSKt3x7ghNitSnzNEDaNrwOYD3jnptoMiJOI="],"block_size":4096,"path":"devtools.bundle.js"},{"block_hashes":["7IyBKAakMawzhxC7PmcRs5o4bVs/bvsL2+ApAJ/U9Q4="],"block_size":4096,"path":"devtools.html"},{"block_hashes":["Eo/kDQc1wqbGIDb9CQOZQnJO7BwOmkegxMZgNSQiG7I=","4Wuc22arhSR42965j/4xIxARAGfAYqQAecKM3R6pWqg=","6WM53kEXn2fK5e/MuSWikJW2I3rKyVBEpCIVdZAd9R0=","+9t5MFrJMbnQzR964I+gcSR8D0zLp6B+7csWNaClfGo="],"block_size":4096,"path":"e46177b21b27cd6643c5.woff2"},{"block_hashes":["m2IXpJvLLI5euMyfVSZLWf2SupOwK1ZatQFTTioWeNU=","OLIkQ2yS0faXIq3oww33cxp76YSsqHJEL593ymGr4mg=","w8Vc1dh6UhX7pa2iHEL5IdwxYg4h3me9skrzEvKHg+k=","WwU/p1ckIzLpFAutXN3G50AYR51omnI254SL2nSlOtI="],"block_size":4096,"path":"ef865b56e54f6a46f73f.woff2"},{"block_hashes":["T8S0JiccXcEWr04+x341y1sJ3LT5XHU9bJOlorhLDJE="],"block_size":4096,"path":"img/loading.svg"},{"block_hashes":["stgNuTzV6nOavcmQpM08U6xLIA04naH+PQe9zpxWvfQ=","BQ/wi+k+nTWbnts+W0jIBjUg7hv2ZEf2nWO+kT/e27Y="],"block_size":4096,"path":"img/logo/38x38.png"},{"block_hashes":["oQHGPBbCmACyRQm5Hs5CUoLbDcmFibSSHs9zDt/ce6I="],"block_size":4096,"path":"img/logo/error.png"},{"block_hashes":["Z4dzuRsGEGfOQ820Hq3Fz1jDHayLbOlay9gAOnEFK9w=","3eCx2AMveOXQd4DbWm0i0YEmMWr9gbh5r/bdrVCBQKc=","iqHbGWYHZms7yPgAWz31hmZ1w2FJgaQGEgx+l9rR4/E=","hVqjtz1xAeFI0/rOd0KbkCcx+Svk13kNiab27WuiucE="],"block_size":4096,"path":"img/logo/scalable.png"},{"block_hashes":["HKPNehshyRgRC5LddcWEaw80cGLWknxOmk+7L5CHCNw=","q20r+bgRQ1cagvWQrw9eX9102XDgn8RJD5tDGBYpm+E=","7Yp9y7ceKHLXsh2Lg2qD9n4pBZiag1yYX6vZiR9YF6o=","i8EPeWfwXbvq+euwaTaimimeYvSH6TEl2CJHgmCoozY=","efCMGMUz2IYro/81oX/1nPzdg7rKcyomrwZNH64ZVBk=","SwHwtFgXgdynLAE+JJ+J6zaXELVebVrTQtdizvo1mGQ=","W6ukiGQv3Fl78lQ5lxNHKku2xZRUpdnmZiCQUkwQhBo=","EhF50D8snuHTn3TtRn/xv1UjXfi+tC+yI5/qpmzqRQ0=","7rK8OALkmjFO+fplcX1zI/rAa6TUFkVQEGkklg6ERjc=","fIyR3HBKfcXvvbEsT6uwxbtswa7g3wjJh3HThXhi7gk=","eoCZ9HHSgtpm7wiYYcaOzdK5GxuHEzhLcvQbPTFXGSs=","hxZawAhbz88ckcj8q/sn/hhG+0QJ+J5Mb2H1LaoYi4w=","h/A0J9UGIUjbNA7GFN8LL0kXNrf6jtGF5YOcr8twM0E=","jBDbokwfe3GExIt8yCmzNJnT25llbCvSRAcnYoK9ZMk=","Pkkw+XKhhIKZnHGGRPCjJmBkJGsI3W1fyoTAERGKq7k=","PM7tDY3rHPMfzx0XmXEIGUkqrdgDyAy7TrSfDz+HoIM=","ZYUsOo/zAy+mE1VGOeuzdh/p91i/4eBTtpk7+8aP9VE=","MCpVYAOYIsbU2BZSJQkOQfaBKkiDmWyTpg0+1cQqKxc=","QQ7re7BiVjwdlEWEMiq4OJePSiGlvcBC/IkhSOMnfI0=","v9LyR+vZ9tx00S6dJg3TTX4rFA3B5qE0sfJ7E7CDAVk=","tMHafYCu87tl5BRwSMhuAlq0TcDSr9p8W2u1KavXKKM=","yieByWRoB6//LcbaBMFD+c4dBlFTgIZAB7KJx4tXTkY=","CFMti2bsy2Fr7ygC6YFb/IuH0BUMdXAlKg001+EMpMo=","Fy8SKucAddv4LRHuvq2V+DMsdq2RCWj9p1cEh4YqIVQ=","k/LDI4rwORC9hrl7kUzGNakZgZC2iAy7El65Cl8aJZs=","ybWIvuDfHeX5bOniJojuyfUWweYdvygLs41iir9QCHk=","MYqJFQ1b8MIEXuMtuAeJe4Up1fZ13Br29fOmGrspg5s=","ff5YA5Pcal+QCv1Ma5r65jXwo93Yp8WhuMR3p/O55Es=","WSly/VVaFxjp9q3jQdSkX4F1YekqtkR91pTocyahe2U=","UtMtU5gpFHa6FeED5yAWQdwad4vUA/THhVEQkaPQ5H4=","PXSrdfMcY4GGGGbbu8L1U87ttaqzGoG3RXAdXG/bHak=","QC2SS8ouioU1y2pwXl/kgtE2/yRK3NaiULlZ0HHcfKc=","QCDFebBHOaHtI6RiKghR2jPLWN790sC2W7OSftuWwI4=","IxhHI5zH/Zhu8Vof3qeZQ0zHGDQVY4KFMsCsc6SQ+o4=","GJnh9jowzqt8o59wsUx/P5YrjbAYIfFk9DyixYj3ip8=","LJxAUdzu7gxTjGvYA6nU1jy+cmbOOrt0yo5RAPnAMo0=","Nm6SkG40cfVqYE3MWEc2G/jxb2aZ9NhEmHpQl6HsiQI=","v1/mAQhQHZNozy2tD5XOar9wIW59ujJMyOxzAqXhzjU=","JbzVXyy6LY/292+CTzpFbgO+XzUC4txGba4JEK2wWBI="],"block_size":4096,"path":"options.bundle.js"},{"block_hashes":["j/VzZqhh44KcTVVHc4YSDohWsZJDSvfpeTlBJO+cejs="],"block_size":4096,"path":"options.bundle.js.LICENSE.txt"},{"block_hashes":["7rzum5B1m4DO9vWMH3rNT7qXeQmhg6lpHmWOCmplivw="],"block_size":4096,"path":"options.html"},{"block_hashes":["3meYyPXz0HB0ACOkLhsjpDWydHbOfcmDUk/hSKkFHEY=","A0sI5cd06W6gSKYSj3sLvzICW2q5R23bCzN8IJSbNUc=","WoeQ9VklOdezfZ9uVALmY9iCDWkM52ehC+zKdqb9Nzg=","pALqONfNO7SoRcgPpE5eVXCRHRLtJanNM2qqEc91Aco=","6KU8IfG8eCi5Lz+S/RwNO7qIFjX1o6nd2x73XupXhpo=","DyYZJkgTWj3wXlxzSsIMSv3rd5DEU+9ArAMFbLlIZWg=","NLGRcu8VkXK8+i3MlUsb3qtYVHuu8CuRwp5UAMT4QmM=","ImBxy2U2nlW2kAXsrDMRxNq5O0LqUr5q65XXN2JUiRg=","6k/DYXkqx7ozCYSxc/5i4xPQX9Ty7b8heiiEYV7iQlI=","dXWcMT0ILbBjl00deniGqYa55hBiy2xMg9N3knfXs8s=","+rcAeDbfIFLIFw6290Ccrs+7hoFCkz6iJzoWWw2x300=","4T5GKpdm5LHEn3R0Xz2YfrwvermFeUhVYg5f0bdLOoA=","BlWst26avR5ATn4eEBmIXJjJTs32aT30RoK9WwUYjCk=","1srwjaRrFlEDUfZ41kJ1PE4E1EiROVU+GROqp1nZoik=","C9oIndp9LpBKnXfyWkWt8MGXBlfF24luh5j7ZN5QcUs=","fhzX9PmZj+sq1BU5qQUJB2PJYFKFqXgkjYWoVa+ZzL4="],"block_size":4096,"path":"page.bundle.js"},{"block_hashes":["z6tI3kX05R6FVyrTadVLQMZo/e0s3Q7QiIJPJxKMX18=","POY1MKP7Iksf+YN517vyxBi35X25JfKhJfpfxPCkOAA=","gIs+vvHrS1hU+Ci7ziTMNWncGRDV9Y/8tTYUf27pQQ0=","H8EBrACFEuiquZMBcxoijh4IlCeZat8qVvhPzFrmA/Q=","fCz+Kp5n9Fenw8RYt1KO4A0vt3WQUewPabXPSFpf6bU=","cOZsCsGV6EYXCcpKzyWf6sVOrbRqBC8VMjkyyf8UCxo=","s/ig48+vr7wiTvYk2v6aA/P/TfVPRwb76zDSVGyLbyk=","GUFapCGAUsBSBTDJuqsbRa2oNGtp9+ndlEgf73/QPR8=","o1d5iizTsLvqw7ox+IlH4eAP5lFD/0CnHdYANt01gvM=","/yJ8fe8RlVuPz/YNchDNY/gWzD/y883aT9LR6IW0bbQ=","NAYf5yo+9nBTG1BxNnUA+IJDbSnqCw8TujGwbkDiwGI=","IlqkI9ZRmgKI7CKRykyTD69w3VIqno0GHYAPx1rtUcw=","e9NM/uHC9NhimPwsraI4L1NnD8lOUeLk7iLt/4Vzlgw=","QCKLzySt86qRkC4SGT3iKDNyM2+xAxpA+4a9XGj7YaQ=","8iUAkhlpeOQ9OXa4sYKZhI+Iqy5PS5e115EmX64Ibvc=","nCK6wldh/LBEBV4CAiWuQWJ3uOjqkX7JkZXOABpxWpA=","aeNYctL0YCRVGz0bWQ71zjMeUZnXdqXL9+SV4wuG6YU=","f6dEKwMdPMGi13LzFiMKb5nXtrHIkus68ugx1AHaNwo=","aYoBWJim43ENW+RdHBoE/wl9y10y1NC1n7/tQcs8Ywc=","qvi17LLxNl4tyxt89XApyvgLHp2e+S4vmc9ti+dgcwk=","5aiKuTsLSx+Nvy3Ow2qD6Ah7IPsr9Ph2gYOH4PtXWnI=","D1hkAwJB95QOj6qhRZrNwSxfrS5EZSgdgmeCTys8Ezo=","J5BdlpRw48m6+0hynN/10kjvxPGNoiEdCqCgIR4MKBk=","/QLQ1zkxF7WHKhzje4zkcwlSOGFREN18CtwPhe2CHes=","WiLdppbbINahH3pgOTAOXiQCtxWcLR9FLe67+VLP6x8=","UNHVu+g/x6igg/EsJXXrgjumlHFApcbo+AJrV0PsavU=","IyFrILRXd7ehryLowFE/n1E2EwJ8Ud4P/Jyj4V+Mz3s="],"block_size":4096,"path":"pagewrap.bundle.js"},{"block_hashes":["9xdwGQ9CCI9Il0eTQmJVe3y9UPj1KWB46dwOU3LMuZY=","bDpmELiJuSQbcyEIOUMUAXUeavc5qvfLrlBqx6KmEgY=","hQg6dXPUXjIPzY3UjRv6c2Z3E84n9WHlhuXfiRXrsPY=","r9+nkZ5osbaM1pCOhm3ktFTF1YlqHz15XjIdIlkwsO0=","3uDArQC7Yfx15RSXqXIr2/Ye32NacK+GqeGpqeuJnF8=","PinHjvojYfMiUi6FgBzykhG4x8SzcNuHYEUabEUJkiw=","VSiiwsSvYqbGp+xwO8sUlhJIuDI5qHPAa7pNtU4KKvQ=","zaNg7la7mTt+PIHdG85gchTlz3xvRL9EeqsytcFpk6o=","HiwbcC058xaXIRafPgyEfrOcpj/4MjcilZcCadNFeh4=","/wiRS4oQ14KSvG0ez8LfjbXypwat1nO1sp7STJUSVy8=","crzt9+fp5vCuoTsb+aOqL7jthOokltOKC5GgDMUzFKk=","T2YYgpzZc+aBg5LF0vixm54spRIWTVODT5Z4ADnRWSg=","CFiQhYtOTlWFDj7ljIac93yzd87cU6W2VdZgquxr1XY=","MHK1gBNMMe6rseEa1te8DrasFER8HUz0QcBtQNk7qrc=","9RSWet5syx5lZZ/4vCC67tGFybEuoHrEsmt3vTT3Lcg=","T1FKLbl8WNKfAWGJcTQDrPR5U8kTvbSb1JTfauLhQG4=","i8QIk4j/CyJJ73kinlaXBmdgdGKXb2BXDfY1pT1EwdE=","ThxuzhRCtspqoAZEFivWrMU7OlMFlTDY0ffn1XMNi5A=","ZeBCWom1OM1AaL+SDTQweIVzXvBEjtUpEu66W7vOR1s=","bYr1Y/o5tQI9ub2O40zEe/j16FLb1UjfpZugijwU5+E=","dfCuo+qd7uCYZmFqXFXKAEL38DEE1z4sxFLx5vGvdE8=","sPAawZyvl02ZLxgvdfYv8sBEXUpNJoV18sIYXQR098M=","Soj8FqFuB1AphSGu/QwsO/mpcsYUx54Ulubon5lMyUw=","jsPTFJJSmllFUGzAt61yTkRLTlcCvGb4loDoGvdcyic=","zjrMDYm9aJClqs5g+fL3CNtheEEFI4PhUGRb3pBHl7M=","FkqM4d/54/N3T99weVy5UUXV438q7DT4JkhaOoaHFfE=","ktvsMEbs9JMmqCQyzi4fcJ/fCpeBnYe2JDIA185rPpc=","wfLHgoHLYNDyrW/TXD7JTELKRGg6kpBHvheptIijUXQ=","1J/9FO6NA+1hdqS7CmtBYJeMPr2UPI8ViFN5XldZQzQ=","b5wl/kWOux9sRu7oh6SZtXzf8Kzov+FElgzOAeVV3gI=","dMZd0bVBW/5XxBeU5Z28uvM3MrMf9L6hppS0hkWuoko=","4qv5ARe27uWu217qn5DG4oY0dw3UekD3y4BevD4I9Ck=","WW2SdcjW2XeDFk6fIBtvaX/kaRh/0zK69sVZN3Ks1i4=","BtjjUKKSsPiCHpwMcUpZ0QEIghs3XEulJKX1V3jKEIU=","xCHXQBenl0V42GuYU5tz5630GyVgUpWBhKDZDo+OmKs=","lIYpfFQLorhsvILak6nTVrCQ/U+TP5xjKah3dBVHhYM=","Pp39DEoB33S9dqoI119gPIJieO0DGAXpwWE8+fAoS9g=","Bx2EzjqC5nIxwBOgLBmhMP6q0ibEmW6of7+h/unvKHU=","vfeeEUBm+1DWf1MPXnj7NKTjCUMBXOyNNoAzS+3Zulc=","NStVYT9yb8IiGVu0wUVJCnOji90xc4poBJoO1UlKNC4=","bVYIolkHh18tO9CmnRzepUAhiTB+ZyQKgaQbV9vH1mQ=","P4QAjkzwXYLbWQkP2TXQQztwdV9cFcnnTkU79NgSadQ=","VTzQ9aWHzHtA0hha+4AkhAjPJAPUAEYvmGkGMdMkKh0=","GqoZ1fb/fLPgGEyOhj2tWlvNqEkGpDAumuAjkBTzoqE=","eJHEBE6cOsL2cy5UL5/GHB3Hi13eBU1N0dTnd6CWj4Q=","8tpd8FeKdiuB7alNWRZEHWL+pvGAUAPEp/p41bkMgRc=","jvpOuIvVsrK06/JA2mkhlchN6qmhRSxMM0dUNhQwBpw=","vyGhL3mNoFFknAtTUueNhy6x228akguGmZsyD6iNuL0=","YdxvUfx3LjaoN2H+hxa/uav78wCa9+DPlAPyZ1OoZ78=","AHvJiUstf3ALJxGtGugLPAu4ROwm1N4SGOLlAwRvjD8=","tDWNPSXynIwSJ5oa/TU5opsFlVR9IMVckL3v7NS8vPU=","08ahSRL503o5GwvMsQcYRzSfSy/dJAMq3thHZlWm5CQ=","mGQ8HPILRdUoEFeHZcdFDnZvpSS4Ym02H8nqt1T3Y3w=","Udv5EoC2X2BrZusS6WXmbZ2McvN/CUJ8o+508WCp5k0=","MZavPejDF7wmm324B+jETgH0zBHfdIs7mzXInvEAdQg=","vllSpVD+j1dQiI7tlA1W+wLXjdm/WfIwiX+AvzUf5HM=","JDKbtyQ89M/yPgUnRwoIM1SFP0wmoQ3pbUA8njnJSis=","kTpXR5XPV1hvnUlSJKfp481fwme6EQ4M31Ce5HncFIU=","W+BxEuBJK71F5jbdDmxS1Fh2K9wKdAhvN5RoIL3d28E=","Uy1CMMIjK83Zia94mEC8YFwYAe15dVkkq+dpobmhQvk=","+EFQvwrBxezMoz2ElRgPqRndnV4rUSF4dG2XcPN+fpo=","92DVyk5ygh2wdEAZ2wYMlSXxe9kMfnJ7/huWk3pSpZo=","Ot0bqVoOihSo/ntd1A69AEGH30m5cqGqQyTb7NHCWr4=","EMflrll6konM4cJ1l1ST+sf4ZZRX/aW5AbBMHl/TDtU=","8wv5D4Lax1rWOE8BFp1ML8/Zv2xP9T0dD3l9PCoVYRM=","Zwv7AD4ErCUyzzDrP6ywyQkJC+HaxFQ3YIKfN15qNAU=","m0jPPVxNYgLDB1Yfp2vu1UH5/I0usId8eJVxgcZ/q2M=","L0iTqO4RD6afvsgdePo0kzTYICmH1SRq0/lnChKuQcE=","SYPWEsR9QP5abtSoJH9mPYO38526wWYhpIjfN5F5e0k=","wv2JgR+0GqqVmqIwBhLQMtqy6IjbswsYdltbept0SAE=","j+vK5foCD9Jlqb23yt6qfasOip9ndZR8dy19j7DxUb0=","S+B9leQJqD4Jzxh4WL11j64hkopqq/kgVj2/qCEpCIw=","5TI3i7VNy6IR3B1nNSzxj4uBQLh/48QYD3yUkk8uwfA=","AQhwMdnUH59Yfom1ixeBnd+iBRDg3qcjvmoZsMWvekM=","KSM9RbViPt7p9tFEHCgvE2vTysDyFNNYaqxwDUtEl7E=","G1gKCQa5vhKWa9PZ9hhvcBR1FZWjoCm43LKsCHcSNN4=","kKhQGGsZTbO2c5SilBvlCtbAfdhRHBoBVL9I7u+HFyU=","5Hmr4gNKVm/B2cuBv9sFf280TOw5ZRTD+wiLIZCN1yM=","fZLQs+smzulIH2FfEBtCLX8ydN70IEIyUqzgSomL8Q4=","4HtD9WfC+pkVyY4qDHvF9UJ0phdgMG0VNFQlFLjnB98=","wFCyolMRMPUs6mgeoOEvy1VTecwgfozIxzFHCGzAffE=","4YkG7DmS4LPWUGOLiswE/RLd+GvgiPMgkbThUL87o3U=","o1Pq0verEet1THENvYstX1w66j+lWv1cMJUcd0HOgKU=","ADTJeOKdZGp44pAeqWHMFd6BOIwZZh1eTH3cahitQ1g=","UwRWGQg2TUQ5X882hjuK5DHYdP+aKinZ9hzmJO29OOM=","u5bwplsrea8VqJaf62oF0d1CGbGm2KARLBF5WajA9ao=","a6YPLuVmIzNOcPaO9HODK/XaKcecCpAEL36JmyKw38k=","+WoRH4khmMTyed1LQ6fpROj4PqE51mpOM/cOrf0eLVk=","NQrgu5q1XSANK+JXYPeiZtOOqjraBz1Px1waMmUECnI=","JPmvnrxWCe+2tVrVj9IURKC7AnBw66X0RCPLuNncuSQ=","3e/3PDkaK+7J7vdMF9/5Z0RR12ScUXOdBy7Z+y9Gq/0=","BypY+QRY3cTcrLObROxsKsPLjg5gYPtWSUKaXxkp4iI=","WxdBghGMrsKb55fMkWwo7opF8xq4qVfW6UEGJT5UBT8=","xt5WBTxwmSq1/QNAmZGWz6+LUuJrx4yXosHosArmn9s=","qQpmdkxryjSennxtYyy4rGuFvV/rtxemIKQvQvN0c4Q=","spy+zE0A0L99nAj1VuyqE0Hxh+4kg7V+ONb8jWvnerQ=","7W8gpfWrV29P5qNpgEo/84oqSZMKGI+S4JGXBc2Tp1Y=","aGa0vxmGY7biFpZTqhJ5DpiyH7u0F2M1adgcch/jW7A=","8g8rs8xQLSZrOSKxHRnh2OmheMoFjG3clGtSczv/aVM=","RhnnNP8F7Zj0yU1g42xTFFrmElBOhCV7tPR98xBDlkM=","iR9ZCL4O4gBsKJxhv7YD9syGE66q1ryn0T398HQ9Bmg=","3yOmgh85uQ3qLUzI6zBHi44dw4AseBLHlFt08f1upH0=","YLhDRSwJORaNC99IwpC13cjdRxqTB3JOkzjc5HWKYT0=","NUrxDX7B1yAN3C+5kTTlKETxQSFwFsZ6lSKJslNHzcs=","JeQ7CSWWhXpFi9BPwO2QYzJd9acd/I3sWWPONeS3/QM=","pNrQ0CNrzgpbcgRawG5IwkGO5EgC9PrnEVdxFNYVm4o=","5w0vTcPTRoMdxA+ngUtrxQhIXh3BST8PLajcNEGRNfU=","d9/9bcD3+Mx3Ptcfz+axu4SRETaVx5hPLCbISe170gU=","jABJmBBiwHL275a7fKF4QIcWsS3ARlujsoUXIXANKDk=","zYDzL84YZKrho4uCrA4KMdMZp+cI7BaHETnmin7QCUk=","g13omRSCa5p+B9emG8GzD3aXgjk1NGGquJ/S5NPvmso=","w4EUdBBxz5fvdUsGb9egymk5wf7lRACQCrfvNMMC+50=","Egx+i/3bl3yq2AbNUa+IL6hg6Lb02L7FLp3VDOK9vjE=","uLEAkMSYpIzydblNzapHvXOAFExUoTx0+5W6e5hQ7RE=","r6mbnG7UrE0bXD62IEFP/P9YoAS3GLfwWMvll9pkpfY=","VPra2QzyK7t0h/wjZrdV9sOhj24LCXOZq34Nr+AbHl0=","3H2vF4AXrMDfXa4CAnXZVSEVw0L2O6OCeU6caEurY8c=","0kC3jnLjCZaReGE/jyrEEFDovnUcrPc114VW10IVcG0=","q0oROpR5j2CmHWNoyEW5j1EptfFvrcdNNWSehdboAIU=","OqJkGdsdSmY7KEzx90FYSRQv6/PbWG+Ge3S2Ty2GCg4=","W1sM8kn8IvvRCgpRS+DYRYaz7edxuAYzQ+6HSHdNe40=","7YlvU7z1BgSaUwpbUbMVGRxO6prhzNIhJurXw6uI0fo=","T76tovRwo28+K0bdKS6STopMyOeXMzSe1GnPyF/D/uA=","t2vDk1rPpYFnHo8rhuh0VlGeHckdu/82F6bEQUw4QIU=","FW0usIztsLZtX9Y3ajvBmcPtw4rtmq9ffXACh+mYz3U=","y/xdhJdpfBU/izCA+NJ0v3Dgz5j9cRLDKoUGW1mWvyo=","Mn37cICkT5vCc4bJ03TG+kFN1ECSbWF7YOm8NKIZ7pU=","ytHkGqVCqxvJXC+sRWthWZSJ6Lq6Bm8ky5tofTLL+RQ=","Tl84yksCtKvx9sjSwFWrQIRBcPuowvyv1HQ5qH0BOFg=","8CwZ5W9KIjXzRf9DYolmVFtPMiMH4uhRFEkQqKoLvZ8=","aDBYtG55riBE/ScllxNEl10iZv+H8jyJ/IbIAEPlZS8=","8JLaxY0rTVzA92HF8sCcfY7xj+sV9NX10A0Ayth/590=","s9lIFrU60bBOsvy5N3BCHeYWQPSBoGaVG+1y7kbCpTM=","4VWYVbWLNazd6JIpRSdBvbEEPiUMFoOl5HNO2k/696I=","7Ml21HDin3egb0Mb8IqqUtbXIqmcYyll3528iFv4nZQ=","IqUiLFNUU2xTkdClnn7O96HS3UafypudfBsGWVWEhSw=","ZMDlQhpeEpawKvHPo/WPWsjUkOCiz04v2m/d+VkBa20=","pgaT2F7D2xuEgNbHnA/6vCsb0EGEE7QGy0Pbt78eUI8=","43TRSnz5usOpW+EFVbFXIxknvkVbg34sJM1Km6HRA0g=","/sr2reoAMkwgTsdDC6mLIoAPY7HVg+pU26Y1oc6kCTk=","7kk2olY6WCw4Ih120UEC0WbbKxAFs2A84f+xzcHIk3c=","CwzdXaOC2IGV4HMOL21NjBKMQRg+8bFqRiq0q+hF9zQ=","fFMCOS+q/BIoS5+dew86X1rFge90M+nAJd/E52hHrLw=","8ZA+oRmK10bbr9GBzsEuUswqt+EZQ6VJtazdQznaxKA=","EK1mJaOxzOrhWkRKQHNZoKSwxBLE0kqosspr2kZ/og0=","ioUZHkYazKuNo+Xv6PXoPX4s3oD3fzscVDdoayFt25s=","8BKDKGph5rXYn+atKPjKy7OPG/d//o++GWewJHcNtBs=","0/jVx9boe4bgGEoOSO/uVAqQC8KqtF1+JvF00YZHS4A=","bf4KcKVGzC99F/RMh+GyCTUwkfIvl/qNI+MYi5Mxd6k=","ZWRTXAU5VVce3nqz7987PIc6lmra9byUOWOvN9IT7kM=","wczAPVJAN/715G/VwO43y7QkC6heXm/v2bRE51HPoV4=","8hSiXDse6sPh3KMUpt8Zzd+xp9CuhH7klxhbh3Z0qVg=","5A3GxDRKF2imFizpRbTJ5Rh7+0KGOFClYT0HAaJBrxg=","svpV0ZQlrriKchUnCLKvwCoN6Eto+esiKrf1bWmZP7s=","CqigOKUerqW4DWOn0upt6+zwWuvNoXk2V+cs73sSmGU=","fFzwQgL1Hxk+n0Rt5nRe7oCPbanvVmZwt4Z8ocwIODg=","V72pe6Ki/BuDffFkedqaceU1wJUrhJDfMUH3mzw3Uvc=","t0Ox7BP6LSwgpCnyT4xTzaNz77mr+KoHRNGahagCTlk=","7qgfLZsNa1RtVLo+kayi3tibGrqCx+D01S3bMWJL+hA=","W59NucD3gdU1JIklRAiwDDxFHd01D3yZ73LxqVBOeZU=","ZUkQ749MbiHsFIrmVjUoSvxW9mAyAr5DNgfdXJjKTAg=","dHc0PQFq3aqZPyPZe5fK2iDPj2rPCqJM28zT1ByFZF8=","hBiRAs/wSIB4K4O7ZDOIclmzwgPYtVT8e01kyZ1AH7o=","9D36n0fyrGfsHbkRtIWBrLe/DIVLQ3lLxNO5SeERARc=","+Jo8pocy8JtaKZ0rhrYjjtX9hbfQGWKj/9wcAMzZWIo=","oJuC9ts5SWF4i0z151ODhN94Cd4RRp0MvcjlErHPXjo=","Yx60PeUaHQuIiJ0DcY496FkCSlfBYLscUR/tXHYTSDg=","Aovk0KDpEXw0UwJsW+XNZRorcUYXSyVaIJvSAHYXzsQ=","lePhLGncMZEZ7QovcOYkJ0LWKYch1tAAGRtfCYrKTek=","KNVEDyrubgKSL2MwlOBxhdY7BM27axXs3bWbBGCyl1Y=","nNJ++CvN5kLbaTeL8rMgMiEdU4Az6iCkfKmx5f3uAc4=","e9+a1LB+agPE3dJ91imBFC6XaBrfPrHzYfwSd4xc0as=","VCNm3wqQbz4PVl0wsWLFZVc8QV8fFSmBy6ddO3PcOyU=","tuMXTpgG4NVshFcAK8aSBLqD4gFVRznHY8t+bLnQrTc=","j2sXka/8n0/7zVgrWiHUglqJA+iLD8eUSl5Zgq4oMeI=","BTQnos3BwnDGfbDt/oebofXfTNMHju/KLxZ/JZfW+08=","UOL4Zft81VmUwJ9JcpiOB3AoXSH1jc3+pZBe+O6PzcU=","amFyV3td1SsjoMtWZf+NPoPEoYQR2tWtKFY1yGbdqo0=","zzcVhmYaiN4fZpskzvBD59b4nLc30eVVzYsWQbUhAMk=","1ayiaSGk8woQtLh+J3xeuHHii43k/CqkH408KJ25uus=","mlYrMgRimJvgmid52ZMqr99J5U7ISj/zNlViHxM7O4g=","LRoLrHfW6/vOVFWkY8UOEpcKVqbBEVHMynbbRnvsmdk=","jtAULDYl3VY9AItvMpQUOVmPZTOgXlkPOcEA7EE8Gk4=","zMZ2Kkrs0s1549MCYOrTqRH6/fIgpuQ60XkBg+Nx3VA=","HN/L5E7nWDa9upmd2M/nQBGohRcR3YIv4ZhW2rPOGDA=","cEpfyRlIt/ppRsx+JUAJ91WObpGdZcfcVfVbGHsGqZ4=","+crMr31bL8qxQj7GZCB4BfOiEpws9ulGqCpCk0x9Rzo=","5VvCpnzN880KqA3q2Lr9kgb2gSEmiG4tAcAXk8ysMX8=","NpQaQToCsLVyfrM48dnN2NnG1YCis6MNRGLDZvaQpvw=","D3ouNLwF83Tuu2yiDIMfs0JOzlA/mE7PZBvFzva86K8=","Lf8OOQOKJF0AJAPJswvPC0EAdya1Dfu2+FEjvoue6o0=","RjfVkuV56WFSBN39SPnG7xaCM9sVeQlCc+dgM5DzYO0=","pzxPnwkYxPvqWWKEGBApu5Gp/mCwBDFC8QD+pGVKMM4=","ksytDW1MOjqvUoDctcu5VON1PSAmJmq5h0t4JP5M6vM=","VEcdBWS1waTa5fzi+TMYlzlx0845dCMDo/LLDeN5/FQ=","lqWvr1OXGI16rfuOGhkxVs+EBOZTmLK9D7lygnpoq1U=","5HRDqs/aSopxmXFwu02sYt1Kf6z7TrsRuDHsHC3D1NU=","wl9p1kh0mLw3uW1IAlfrYhF1QzyCnhTihyU7EPw6KmQ=","OpDmTY0xxcX5A2dhGwLGsK5lGBhzLTaQuCqqqWI2fTU=","wnKpybZVgTMwyuHFhcUyvHoQcOK3uCDkBbv3EFq+FOM=","zfdHx9kSqvfa8eCZQJlVZndeyxwkP/LpRIg/yDQoGYU=","ApAkpODcSiWYKrYszaT+G3iGjZu/7pT8RV0RBhmt1vM=","ccSet47avZldtomuZZjdVWCf6cy700JgmfBIoEUaBys=","aiaMgxB2X6T1TJfc4k/y95NaxXk60Xmh/8ODhkYjVeA=","sXkguTW+tkBFkwkCMVBE9jnMtOdLPexgmcXxOvNExrc=","iSfP07VGbBvgVOwolZ9cZ+Yx/u0hYSkc7ZhdckPvkio=","wzOyx37pkpq41O7Lq2FHbczLW4TabaAiNxJypYf2U4s=","6E5T33Z+fkunAzpMT205Br8lpj9qkdgoGO9ARcr0jdA=","daH2NK0uynWhDH9nbzS40/dqdmk3GtWzqSJ5PoL5Nh4=","sxLxrzqfHshkb9yWps8+EO2smsHIsPdvm0uEN3RCMIc=","7kkWbm/WWzgw1dbCcAA0GRmdEqyomBU7r2uL9/cAre4=","C4GVjXUSCRxvK7RIKT4hqftWkcL1VWuTtt6u/Uviuxo=","Bzg//8fynvk/UFuYfpY+BPrG6TzmQ5S2c+GGb5E8WbM=","JnwIFFwSKccQpubtWy9hzVERV88SIhgD1Z5x+RfdMj4=","Ef5lw0rkaVRajGmrlGP8zPfc6pMoksEqr2R+RhPEBFs=","iIYYZQYf9zbB2KCqpm5nN5wnaow9OI36z76WTbUOc/U=","yBMp+jPOY6TnqZWS2RTDWaOO585HDaRBmvQz1EjTg0Q=","HQjrfywLLOYsCAmq0xdJd1XYfwxploxtUaJxYXj0als=","91ZSYZXH72he2IoerFeWJBEb5JwMrw84KqrlAL+ruwA=","1gTgx6eHaaYYl98Nng4GKqrhLnvBJpH8SCogOW77a40=","B//EP+4nGOZBsQ77z2/tvHMOlFBV71PpSE1eR+jxRQ4=","G9J5K5yPFf3o+82C/BiyXoPKvzVnZSyLHzQpLrJNd5Q=","A57xFDuWQetvorFmEDEZGXG+CYApi9rg571Cr+n9+BU=","SSseeRxj2rm6q3YJM7XIGKBqwZUWaSN4a3ezPWfwzvE=","Dl6sRPiaUdPzLusB+4mxxI0WYdDWXU3Bg8F5a3nAbnY=","iK1bTV0KM7ox50qTVPM6EwOQMB9q4GNW+UJRCWOk78A=","RMCk7AKAwYQZ1sk19XmQC9i6szrsU6NzzsOQ00KRMn4=","2LJpNmpHiJ3l7xKwTd2vFad7Bb0aMRy2cVXcYl3+XV4=","2PICML99qYo+HQI/WJYDDK4YrWsORKhM/t/uUImhOCg=","TqddbC78c5c1gyx9tpBm2J/1bZJ8CUy4UnFfa6KlO24=","YrS5lpFDk+7X4JeoaCnhL5ViT2+0HwdWJ9eoe+EJr+Q=","uPAnKuWvGYLtJcB42WHxDMIhK1YsfR3rCoLjL4BjZko=","CFHSdgEDB9LpTd+2gEH1DXEdBee0DJEym1aGhBmCfRo=","2ppY5+BK9OLXUGueTEYyr03ZfJLPDGjGSXF8A7d1ts4=","BTt3dJ9snl0Lsd3Icsd17T2tWB1p3/x+EF6Xwsv3WT4=","7oTiCvhBS0TC5cJEWq+oEQnlFSf0MuRxYaoz0u7J7V0=","bjj9RGRUQ3v1Fc+dq7hrcYhvCwgxfNeZuTeB+xvAnuc=","tfEn7Ns0RcajJiErqMxLW7OqDhxZU0WlsKtSwKMccjo=","gol4nq5G8MSuEHIW1Eqsj64v88X+c8XbSqQ7o0MDVUI=","Sl0AcYEnKKKQFloS5sPo9WTAIjC3h80m2zUPv2+yPxk=","K3MKNjorX3+LHCapNijgNXqn8KT9xNwNymSwzii8rjM=","hVBT9ptfqICQAd2pEWUvuII1GzkCfyK8HWAmDMcjjjc=","9Cd/dFUqdhCQYC4ZRziaAV0ZArd3xUZspC9PIln5Ung=","8JiWfZ9OXz1U5UJhzcVexV6qqleV7hWvCvgh9YZtpno=","uu+2zJDV/2eZ0g04Pabqg0S7XRf/+abX9muqwCIrOVk=","8PTAqFZU+gBA1OCKUbg+607z1wPL3XIqMmEU5w54ciI=","CAULAIkWxofMSJV2OfQdEH7iAPOUNQWaF/7ieqt8foo=","Cuq0xasQTro6rOuYY5670l7R0cXaQkPODzqaJ2yyTZQ=","ikW7obo82a3hKpLwGiOcNo2CYRw7U8f0qfEImaZG6h0=","vnFtcNK0MH2CiHig05vrJ4TKFQxC0QWerWEAfL5QrIU=","WFMr5qxJzfg1NFLNSX/QAzLzPyWeO9gSy7N3gx+js84=","rm/+2d6GZUtHvcCkGuFqNNTf8P66pcoXEy9ENWHixCY=","yd5f98YIHob49IGWWqQtP6tjtkWrPIxPCV5FCgtUvmc=","g0ZQAXZHuLbJi8AHqW8MzSafBTWXVn3Be0zLS15pFtg=","x3MkYZd/SMpJly9xi9DN6YglvpI8xzowYm3tJBrzYXE=","19tWpODUyYVSR00zFOHcnObNvhoxaB2HDRBz2JrI6pQ=","cNFkDUuP/VoUuGXL9UP55Fqsqs5TTSgbXbVUcJmgpCw=","u6GmKequLg0Q2o/KN33n8wfawpyGFEwTxRyNdlbmm3k=","7u4zivc1bzc3qEYvEnfGYHXjDIveoQDxprzh5eYKg+U=","dkjgKizTT8oIfRrUWlQnIc55a6irlc+UoQM/S+AO8sM=","oTieVQUWoO4wbjzmth+OJPkk66QZWc4m40H4I3qjDDY=","pDvwjSZaAU/GlnQL4nrQz4kAD34bEpDSsKBNRMy/oog=","1lIDwLtbJwfUqXoWmQXrWhl6/MOjCAJTp9FpDNTtXJ4=","HI5beNuVK+nmhia5nigZaTyteEaGUmAa9SgkaOfWPKM=","5x71vtmh+u92m2EDDGs9aLP9ikOoIa6Iq5zuzL+lea8=","7Xy9nwE0WYjeqsNkz4t/FCGbCPEfbZyhmBU3Pl/9u/c=","75V5NxbOCJ0Hazymhf0rE8b7M65F0R8w/7yRDF8NQnQ=","ot101zpH3tUz6hbkbgqrpySgSP7XmvR23fsmEJBlYRc=","Rp6SXSLGIMFF1yisHWDx5eqfrll4gBClzsn5SgJtNwo=","V1+69AVFVUnFLpMHM8TOxvcl4mxCpf/FUJ7r6xNZxW4=","ehP7JzDj1/TFqSF8eG+kllp/MBcZDq3EV993njHSodQ=","Gp9+RxFA+KzoMHSLcfozmmHXIcpas4Kd4G6hOmS+ShE=","NlKLb1jwUg3fQvB0ydWy/B0ft+w5x8I24CerpgyuEuo=","ozkT8+Nge3/FjA30R83vVROZZFg+4OIyQDv8v1q7SR0=","TesW32QfuB3xWKdhT8wO/zTgTvOBs/0o1/YMX5MK4MI=","TtoMJF5OnOyT8oBwYIjMARSfy6cU/7TyIpRg7/XTbTA=","ry4vHjKiQ/vMkt+ImNPXbwhMNjyt6/6JfiFf82Bp7Lc=","/EQdrFvlBw3QwRfb91+4ohK/nFDKJfn1F0pMhf42aq8=","E7ZkGX5BgGM6OLCKAIkPZKAQvA8pAQu9Hvk0RAcDbHI=","UHaf3UyEB+3NsrwIbjAxP4UJmrBsIZyPcnm7hD9C1w8=","sHcjn4oUFCJbdfd2UUmjUW8gSAAsFau8P0ADaWzklnE=","JSoXqbhE2yQVE2T7v1Qkcb0lZqstkBxdUSVi15beNts=","TmpXVFY8ghMmY8SKxmpzK1YHC3TEZNHy9w0jjnuQy3c=","S5Qi6dmzl5SxZYDrza4AA+RdTaWK1qiLxse2k/XyeBk=","7EDuPF2Eo6zwhJYgEn28T65pEMRq3dDIye7PfZ56FLo=","vPqh5HhYReAkHd+gZRneJ79Inn895jdgBt5GqnjIbuk=","7Ins/8vZLXLPpP81VIH81aIR5kZnVs9sa4j591NLH+w=","MPxS6T6Hf2DDXysj9bJ693xrby69S/NdAHoZN/HpOPs=","0R71Btg8zErHjKxU9oOnIHYXAYyWbznosU6oOvmpaL8=","GQYJEqEnVwbBGOj2zoFJUtbNoS/OE2f8Wr/WwZGh//g=","NpD9T8mnYP7OnCUFQnuqMEdB2HJXoHhON1IArNuNPgM=","EXvRtrj+anVy32fFsFFrVE8eiMTGyOgjdcn4W+9+nco=","CzpJvekNVjBMESGsuJf2UdxC2Wv8HbCtnlXpNC3+REc=","S8p8FJsSsJXAlUe5Hn7IYa6B11rWXaZmmNj/Fmvng/g=","y/P0IhHNQwoupFd7CpfHhNTVuoEgnBL1JNAdt9Mt9O8=","MII5oBAE27940pOoOopZu5a+2efXaADAr0wiS95Vuro=","VeOHwf4ChGUsUmQtmu/4QhfSGguoolTSnHozDNjDyNg=","jSHzv4A2avTeSYL3NNhtqhtvJiHcT1z8Ll2lf4u6uso=","fshoPNjSC0s41lnYCe5TnnllPdr6n9tJz0NQlUJSwzk=","GFZGfz9p8lX82JSIwvm2YCmcWsp2gf+tUUCvduxcz/k=","8JAQT+ABya9rN2eHDZ3IhD5uq/TQJAq1M3t8GOsvK9c=","d+0IXr9y/LyTQtpRXjqhmwEW8D62PkMyc/pihXug9iI=","QMHE44JreQti/dsNxMjF9P9Apqmhifl5RpRWm+VQrY4=","b1/qt+ra4MSrzpkP3pUPX6h78jzOQE84sOYU79AyQSY=","4+UHvPP1ct0RRDG9WI2kwZvb/3jAAzBSUbLdisRBc+4=","kk3I4IHSKwIpF8teiYALnEi94E/Qft3OPlQ07ye5EoA=","JpOKXVk6pp/Tk/1FunHSqpWPQUPgYkLAB9EkRjCtx20=","G4N6lhYG811+grUvTdOiMuGde3amCSTFSB9Ca02K1wc=","9ygt+6piPC56JYtXL10eimQegAToMGz9wrhUaKr8HyY=","/YV3+wV3ExtTmcpeyz23pY9i2XNpy9dTz7dePrU1IMY=","mFUky0JPocD9HUiPBPBdlgc72wjVnN7s6JXXpz1ayEA=","nPO5hzovEoA5UDl04H7UBp3S7Oy94CW3IICB8v/b5Wk=","wu/enBem1LSLmYhtgH7xFmPioyDQAEgR3e5krn5pvQE=","XIrxvA7ykWPkG5TOerfHneauL6+8zbvDWEo0mFqOS+o=","eHxD4gUE0l9FmHlflLFjHFCWhd3GA9WO02GpflHkiD4=","LCfDyNKJuVoDzzcrUWKaIoh/as3hZsubN1JkfUQTat8=","ax68ROE//0RIYlC3lVg1pGsPWwkZQgdZ8zscEOTbvuk=","K9jLx0BBPC6UOXfW3y0JpQUeXk8qIeiP9NeU/uyocc0=","UeX46RGS/xmtp/q4qMppdaG6Ni0shc+pEpDuuoGcm9M=","Psx/yNkmAOijU+1d6GFJdPPVSBWLeoyE/M7vaUGg+HQ=","GjawpokfxGvYz64Z+ObhYic0aJTgpx+8MQNj+MV4rco=","tc+h+hFLBodUVRRnwdsP8LaMGSy2H2KhM/vyEBnK+CM=","l0wI9pNbcyk5TH/m/q947NaTuof4+dYYqeRVt4EQH7U=","szxMMlIjghsl6I8+6KyWiWpFMAVBPAk3/F5/wBGtnEc=","h4u8etMZva2upYUjbAbjz+7FhmVHja5y+X5m7Ib94/0=","R9dqEXACsAebsAJTzr8gfeevfxgHRiD3xtGFTozRuPY=","KwhGmRqHPciXFjbOqFMqh2KUk/5BMOwrM03ifPhTfUs=","KXaINThgWNZWVn47tLr1spiDaN8RrqAPsDo2UcB7kEk=","XcDZT/iMnAsz2zPDwtol25T2o47kCAHjc5qyGMp2lpg=","Nd7lmrBNkrM62+GxAwjoTtnUk6Lk4Ne95PEe5KpXa6g=","sdPA09wB1v3C43Ods1SfwWNTuS3AAKJjVW94ron0ex8=","2XoP2p7VUYlIKL5G+L9Roif285BENxdoBAMSg/PVRIw=","y2cmPyghh8JP/DbrvobWmnCcxbAdfGgn/iXh8teOBrc=","FSS/9Nib2CeRtARyvp98UmtkzrRhWvc8D8UR8mdZ/Tk=","FPJlXDjtHztdRRx8uTymklXVZPaPC2E1UXFdUkqHLJA=","NzsNFlkVisoYqKGLzKl9urXcwDuAo07S0HrXlPeo3sc=","B1FBoxpEg3j56CXLVg3XD9E+aDvpjh+77pdmPN698Ig=","KmxwG2scMNqby+aAAQolxxrDfnEylzQSbcSyUiIRpEo=","wmViZuT6InBTRjSANnhysq5P5t+0kvevSHz5pSb2/1U=","3pDV9qFnerqQpIwJw5MWQdxSj6kN1JG88dJ+36hEl+k=","63PArs++QKyE1HAg3be1ejdqOhtOXwMxeZrFSv/63xM=","Tbgf8gvM2gIncOsSTfhfKCD8aOw0sa9Uv5YKOh8KMvA=","0zgz9vjXdYpL2r5L68mrK6rRKGT2wRs4oPm/iipYdR8=","gqvJ9iUHoayXT8mnLqRCtYZaNSbLbHIe3H2zTavVgnU=","rwM5sZBFXwaxvqsyNfKOsoTMep3udIa4DNSkkK/hkng=","zHLA8+0zCwVMpBcax5gdC1Ul8814wV04gy9zIiKhTw0=","X2QgrTgcM34zU/cTdYr8SXT67z9OdN0AEpgqCyfzc5w=","KTbHhDtcVT4Ts7r2g+ikEhfqUsPCYJ02SktMINtrnMk=","vDKVI4xC01hEkLpkJv1F6VRaXyUHOR8FGM5gYik7/9Q=","tfFwgiX4D4Ie8ctLWuv5qtUCLU6fGZb1QyzwtvqFDDI=","hngmeRpr/ClaQl48DJxCyoxJE8/42v6y1gHo4vn3VwY=","710YJO14ovMLd3xgyc7FPVg0ldTmKahJ5pmpNcV+xBE=","pg7arns3Tc+pc6UjBRWU0khTPtR+owQk9LUuuyC1vLQ=","XBVc3ZCqj82GUAKlLkQfoXhSVavTW+fBjjD0L48OoJ8=","uutRfUj6ESLWPt9jgDdyi0JAhzEdH+mQWn0Hwe2dRJI=","wYhpiDobkktF4k2A4DobpT4uod+epDCUk2HwAGpkVik=","jw/g68uk5vaibxXkOkgXxVl44r4A8ddvEVHJT1YQLO8=","OOLLr8FEieLku/biS120+iEYYvfihgzXhCKmvQJiN2s=","KoqCwQCj/qkg4SUMKqJb8YVqigYaDU9feR16kmX0zBY=","JOHEnpEXq2WUJrTKef4JmPnxn1+u9hBQ+JZJcGlSU7A=","tc1SEcTPWJx8uqKGgtgguxSjZdx31LgRrWsmtxuwkWQ=","hCiz9WsTtw6PJUARy+Cjqo8C3Cjn7NMsaS+UzzdIsQU=","GCofSz/INtp5rjr1cBeGSFnXN2qoQY5Uvmb0to/cQ3E=","3oEWGMVNRCJOcebmanr52WglPUq7r8vzMTV30cu5kTw=","KEdmJeQ0twOPBtVBkKRAMlFWCdiNBSdExix2TIfiin0=","18CD0kUEIykFJvL2LjAcnsUv2vxVgvjMkIMaaNnn77M=","wxEiKMEgrkWJgec06IHhDGf7SRIhkjIbDFkr1A4o1WA=","Fa48qugrGl7i+wZcuP1pHdSEZeTYAtzvEmaMyg/vM1Y=","h7L3AE4vN/4uDeDPk7XMGjXt9MhsnJlpg2LxvzDmCpA=","n79sbontwf6h89xfMM+86kBXN7B7vvFKzIbE5PPiL0E=","F/PTlkjB0Xa5qXw7miH8TchelbeHI1C73ANuIRq2jio=","vKoQNAUsajRm6RUgToNHFH24CT3/9q2BR1AR6xZqews=","+Yw5rAYyMhqNMZtJl/3hAyiLg5ko06tQ9JJGCxo8azM=","u7gWbi2QtLlXQW7QdeGxfNmfSualTsKJc2MJ7NQ1mv0=","2e/VP0RtrGlXNE+O7yV8MP8dC+Q1pzlwVrJ1ZwvVyxE=","U5z8OXxpbAkw9nJeGbAD4hJRRsYYYY3xYKSJwo9ia5w=","KGSng4abO6LxiSuD6BT76zcQVf1JA0lxANOJRiG2AKk=","S7dl4QWzo/hdQACOwmXxDE2DxyuN3C8OHH11/PEOmKc=","rzYIu9Lcgey37cFQziqT6LtMasgMAVTzgkhw/VtMBgQ=","JLMbSYLOFAtbpv+LdVTTCyqwp86OBKXWjOs8W80L1wg=","xrVtYjvxV/f/rpT/4Fy8WcCFGA1HVhW6UdOOFOmsIts=","tMY1NhcGG2CKETPRYoiMNaJ7c/dvPpuBMd5vhOwGsy0=","VQsr3uNBF7IxauBVu51a9B5n8Xamw3jMKQCBhZ7RlC4=","Klxdfh8iaT/A7WeIb0apxrn4wOTUKLSY1wYTMziGB+Y=","/tLDxYbFbhkBiDvFsrB9jt3642gcNt1aMLXWPpXLt0M=","4/+4/OOT4i6bOgzrmlLwWwJkgyEVwv9up3Bzzlc79O0=","BWqUOjl6N8qWtb3BNMgr9CiePBGrFcPRTaQ0G6gQ8Qo=","oVWNNfXFUTWMHHJ7mw/Z2J7gMzRxEzBIG+TV/iFeNuM=","lXt0y7mMi32ccLi3mmigts0hgPaaEkmqmR8vmIqMjD8=","yE1FMV1TWmiZu844NwRayDrglDHnHbnJDHDlftaBaS0=","6DHkBo12oqf920S/Qq58HFz8jQFEjTEAbzM0O93e0Kw=","G7x+t5i9MlgowQxubWjDgbfQYDYzYdaLmBoSLeFAB1Y=","tOGEuQYcLYPPMZ18/Q1ii9/FmW49bM/pzjx5Tgtx6IQ=","sxxjTkWNsOpXLzTw9c3zF8KGyy235mPOXq/bLjd8JAw=","skJboNujZMeW0I+gZPrdkuQyTSQfYJF+X9DNv/YRttg=","ArCqJ3z4fBELyl6X9cE6yoHKWKo3LldyrioVgtBFZGI=","n5jTs+recr4ZghCz8eULbDTxW07GlrIG7gpKb88mPI8=","oNSXn0yVb8c4EqDjGYWTFh16CwYw5ek1LOe3JGwiA24=","pUmA97sdQF6LE/jpp+x5W2uCidX9vIHJhiv97pOS4ok=","qLGOqOOKzz8lgvRnAWVkk9FPhYS8H3ImfdVARWk/aS0=","nT7EH89L+/KNZL+E2DPZSwWN7AoUND/WUeXQ6QN6Bb4=","pB2HbCDr/AQn5Kwmi62TyURoFsT+vMmTLLnTANFVlB8=","ovqZyXvUVkradHoS7t6LYt/g1umlcE4VlvTD6gHmYzA=","XbNwRPyvxDprW/35/vG+3xDlaQGILI9ZVEuyFXYuEF0=","JY9GP3cHPqFJQAyGAZbRjytUIvxcWd2gVk30NoZgz/E=","2J/pcJdqJ0csZEItVbwor2Yba6qbq3O2AsBeiXNtMBg=","z1Cw71cXcD+5sMFT4EvNowmQ3z8Fth7RBZZaQn0/37Y=","+/2NS3lek2sB/Z479pvI5Mz/ClENciAG924Rf/q6uW0=","rIgzYZyIxxsCsOSlgh1v1e6ILpWsIyTAm9VbZA3GxRk=","LjABH08Mtk29LtCXUHpkUFReLl6ExcXouRWs9TX1NIw=","T2RzeXMnzcZNrTRpVDKiOwQkP+AqL01H9yuPoxwPmfQ=","ox6htlAJ+/L5qL4ke0hhODea9EnOo3kybT5znepUBuI=","WiZnDysDWtZHgYZ4/jjz6XEywX5TUR/e589QGOvgBo4=","DtVSyTNwxR8gGmWqDc6U2Hm6lPkc2j/OMWhL9ViBxTY=","Faf81oFaPWNRuYJ13pDCooFnyW+9hyACCCEk55VNCFM=","D+oqFcIRhwa48FTw/iCHnLom2aSEa6brRL0agObX/sE=","eHKNtIUcLDpNeSpW1tDhjO8u6Lrr/miVOthPfFKliG0=","LIa6TazCXxC3eHhLQUKBamzsokpOvHsqZykSjCuY2vw=","dhHk45m5HBIVfrA4B9DdoQifbADnSPdaJOhXATYqi1g=","xKxIE709kIlxNQxfj4ABgpvOuW+TEvKc4Z+oYwxh+nE=","ZTcuj8YxZauxriyMXS+6yVUXih5VLTSp0u5CCUKXwcw=","1oqkQTVhb5Ty0aENqV487av02FFzSuYhvAZ+ExW5SVw=","eVlSUvygAXkTSemuGNiAhdKtFmKx0Ya6eXU3rIXEel8=","GaQUGlsiXxy1h0KT1xSmF5+d1lWYHyRYD2tCK7YXDaw=","YlsfIuvhigwsG2SrL0BUvdDWiSC6+CAW3ePH4vsuQtk=","EzGRiFQugVwYqOaGWUeClg/PQ88RrpJIc+MZ4Rix6Ns=","HlNiScUUXpdZoFAzB4zjXSdtxVQyELLKpOb5BJq+1Dk=","aHKQ7Nzdr+/Jo2CvO6RG0IrwmIAq8rVPufa32faNrCY=","4Aikl44aS2oPOMnbXXOrCq+sg22TZ0EDbcYxZs++9Lw=","G5lFjCt7RlP9YgBwtjcmoyCGt0h8zAP53SghtgjzTZg=","U6k9r9G2X7Pr0+QsU5lPF9JZOsWFYODqE+ZMTNptQmA=","DSfu7srbjwG+XISKlZ5qy66UzbLpZUlZJkwaLoOureo=","HQAAQAUXibcMY8LQxlrCiqzn1QPKAWpjDGrXTBl39cY=","ujRHZ9d2jI3OD0+vkG3PwlJUyRy2gZ+8y4AHx3i57Kg=","RrfW3w59FabRFykawSpnfoqxmDq8hSzlUrFiuzsgIEc=","HJtlCjPSqiXdjrcpN9cY5Y39eNbES/eL6KHAJMrkmRk=","bzaAt4s5aFh76D8T+IASRT4DmQjcnwDSJbGKM8G4rac=","/YQLdboyBIdUeJ2MsGh1uH77SUYAeV3pZ7j+E6cpM+I=","7ul9H+ztrDH1yR+Qf6OOqWP0RjNqr3lnuTQyditntr4="],"block_size":4096,"path":"remote.bundle.js"},{"block_hashes":["RDegqwERlbcKpWSJpsOzjG2LI6TotLPHSM3wv0n2Tvc="],"block_size":4096,"path":"remote.bundle.js.LICENSE.txt"},{"block_hashes":["VC2C4fcqD0T7031HF9n94QMklPDrpfZVEzL2M3FSpVg="],"block_size":4096,"path":"remote.html"},{"block_hashes":["qZsTLhupUROeFB7GB3pkNa3JaLsFwXF+OUJenBPCfeA=","rpx4jMO5sPJQv1vo+72+0LIINSBC6zwdUM0kiyheHxY=","hQg6dXPUXjIPzY3UjRv6c2Z3E84n9WHlhuXfiRXrsPY=","XOvpj3RTuc9yhmLNB+ZcIjoMFIuJB7F/yuzV3OnWAhw=","uF6PkcGloAKWy8yS09sjW4OWGpzGgAsqyPOkY6ILvu8=","PinHjvojYfMiUi6FgBzykhG4x8SzcNuHYEUabEUJkiw=","VSiiwsSvYqbGp+xwO8sUlhJIuDI5qHPAa7pNtU4KKvQ=","FrbRmwOdR0p8LAZx/UaKW9NE0H2mM3sOR8XEIc/9JIk=","NYIuc9bRsTVoF4w8xBeFTX6KwqR4fmtnZR8kPIsSgMM=","Wlp8XVrbd2UJKa0lFdFczvC1qaMS7QWPMJz7kWB+GbE=","F1NPnSTb7JzbYqfb1XcfInNAWVonDOfpOsshyU9kxlo=","T2YYgpzZc+aBg5LF0vixm54spRIWTVODT5Z4ADnRWSg=","2RsBoGScT87Xrh0it3FO34DSweRTJrRVe0eEssqR6M8=","rCtwM5UtjQlcLF1wktescn50P5TLMHMvA+DV/9Gtx8o=","9RSWet5syx5lZZ/4vCC67tGFybEuoHrEsmt3vTT3Lcg=","T1FKLbl8WNKfAWGJcTQDrPR5U8kTvbSb1JTfauLhQG4=","i8QIk4j/CyJJ73kinlaXBmdgdGKXb2BXDfY1pT1EwdE=","ThxuzhRCtspqoAZEFivWrMU7OlMFlTDY0ffn1XMNi5A=","OyFIribdxYrOMTtOgYA6JEtZD8yByk/+dx5BwPBRogA=","bYr1Y/o5tQI9ub2O40zEe/j16FLb1UjfpZugijwU5+E=","UzOvYwNyUwgIVNL+xaa+LjRiVFiMU/15vxA1uzVJjAw=","XPmpXyAK/R+gyj6hynUz3XoiOxDCfCrZyzRHsVMVJus=","Soj8FqFuB1AphSGu/QwsO/mpcsYUx54Ulubon5lMyUw=","Bxn89M1IhXKe3feoBvi2FQ3bjEeErdd2TffOYH5t59A=","3qPy9xY4AB4a971GB/T6ne0TqoCA1NC78cR0r6Q77yU=","Hnl9TyEy4ABlu6966ZWbV9zGSfOUTrvfuPKpNsKA+fI=","ktvsMEbs9JMmqCQyzi4fcJ/fCpeBnYe2JDIA185rPpc=","atFcL9MLK3jCJ4WoXVaDusx0BwSCYFLenFh3qcF4mEY=","wda35jDd9xFNpL9CxsqIaWgKf2tJscgHnu3UkB55950=","aHVa9LnqgXcMQSpT2WTZBXFE+arlJY5F2OYCxVmti3o=","nHT95RZcuFdBwCl24KehB1k2z4njBbV/fiqhPkNUutY=","WgG/8x7jZ6gaEX5UiW1acpFruuiVKtmbCl1+xhSwmy4=","/nOovIOODAUxRxPhqcVkpTKSz0JhCnhx69suWD2YwfI=","BtjjUKKSsPiCHpwMcUpZ0QEIghs3XEulJKX1V3jKEIU=","xCHXQBenl0V42GuYU5tz5630GyVgUpWBhKDZDo+OmKs=","FUHsKJHnUojJ0P+UTNa3fQbWDTylEuSwCzJmx382Tu4=","xULo9OtLdTp32GWcPEUFbOZYV9X5Hr5iBZxoMJ4BSUU=","5oEc41EYQ52EQk6OPbnIKvV9ZzSSybBD965TcFJQBRo=","5JQrHAP+7/aYT5Fje0kw/vIw/nvisdBSqbbLID0lO80=","O7UT3DAgYpNkhiQ+RrHNq+TU+KpODw5FUgpmwO3r1qQ=","2Z2QRmGNgr0XDrmO9Ym3LQHTMLYMlrYGIEbGZMtEAxA=","UU4TRvWM1ObJ2bHBu/986wUyNUJapw++DK9b9mclQlI=","Y2VK4pX6bP+NR5eB8hZZ06YW5i3SxtKcVVSv1z83AL0=","xScFG0V0i/RhmRsfA5T3TIFEuU5DHKdw5sb1BSzp710=","kfEd3UXBNyKSJ2ICW7T+fJwf990ci8UFTWgljbKETQM=","+6rOAnngZJlPxcPkRJ26bM5BgGCBbOAetm2d4saX8PE=","jvpOuIvVsrK06/JA2mkhlchN6qmhRSxMM0dUNhQwBpw=","vyGhL3mNoFFknAtTUueNhy6x228akguGmZsyD6iNuL0=","jb/Fy1DaIsZPy4PWPTAD7olQLjXJmu6njwwh8P8Sckc=","ehX5HeV6XQEsEq7GVP3AOOC1vhd70s0qbWxSMB5TbvU=","mLG7Gusd5V6gNwXhl94NJkjW9eRUA4rxw4lSSe0CLB0=","08ahSRL503o5GwvMsQcYRzSfSy/dJAMq3thHZlWm5CQ=","LRthKkME6wgI9uEAVethD9zANSFPQ6IYZJGqlqD6FuI=","Qe39X7/9oxPGsO9fhL3EkW+MKMMj3hrIIKn4hQ6uZfY=","MZavPejDF7wmm324B+jETgH0zBHfdIs7mzXInvEAdQg=","vllSpVD+j1dQiI7tlA1W+wLXjdm/WfIwiX+AvzUf5HM=","k7RBZW1wONGzUkknnOfYLHjFPaeRKV1vgJwmj7J3inM=","kTpXR5XPV1hvnUlSJKfp481fwme6EQ4M31Ce5HncFIU=","r+m0MljpCqv+GEGgQe+g7RKyaHSpIcrLpsK9NAkk/HA=","NnO9Kox1GWIuQibJ6BV0EAMsjXtgM3Fyt9xf7MWdAsc=","JAna1PapzWvqfBQnuRApuaWtYkCi9mFC4Sl32ShnwLo=","92DVyk5ygh2wdEAZ2wYMlSXxe9kMfnJ7/huWk3pSpZo=","Ot0bqVoOihSo/ntd1A69AEGH30m5cqGqQyTb7NHCWr4=","TJzKDZ4rnEftYxeYpyvfxXEPF2fafkUpN5L2kRPTqLY=","Vb22S2Jos8Q79DJEFe2Cg4sIXW47VwiieZLfNlsy9Jc=","elw1HYXSOVI5oWxDnsjhQ0+qX17RDr05/eCfJ7B6lzc=","qwcNrDZSYdJFn7kAxHrqhVQbsalGnllblrlee7qYo9A=","nurRSl7UO0yfvSljx//0DKgba9UJKBS+bj0ogyguvOo=","U7zdKZxdBqysZxVDf8SrkId66z4FEA6RS6/xL+2YBLg=","wIexW8U79YBHAyExLzl2/TRIkrRmayN+i2Y06ixnEI8=","cMXjxNXUcLreGAga2lM4rNx96LHRqwjS5qcKuKNrVTs=","KbJK1Y4fLkp5XavaPo8mhvRqJ0hEnyiCQg+EUZcc/xk=","5TI3i7VNy6IR3B1nNSzxj4uBQLh/48QYD3yUkk8uwfA=","AQhwMdnUH59Yfom1ixeBnd+iBRDg3qcjvmoZsMWvekM=","KSM9RbViPt7p9tFEHCgvE2vTysDyFNNYaqxwDUtEl7E=","G1gKCQa5vhKWa9PZ9hhvcBR1FZWjoCm43LKsCHcSNN4=","mqa5vYVoZ7jb0iWs+4JUnqd0vICf87Um+BnTJ/cLAl0=","5Hmr4gNKVm/B2cuBv9sFf280TOw5ZRTD+wiLIZCN1yM=","fZLQs+smzulIH2FfEBtCLX8ydN70IEIyUqzgSomL8Q4=","9iWVV2+sa8G3vefVrIY3yV3dt2g26rM1hZZ740c8V+s=","PVmlVnd0BjAgOEXVfizpg4vnTFi6aij9ZKkxdd/Mz5U=","NE0iCrmKygGuoVHN300ZfgXcR18BC5AHdk3gtNAM678=","o1Pq0verEet1THENvYstX1w66j+lWv1cMJUcd0HOgKU=","ADTJeOKdZGp44pAeqWHMFd6BOIwZZh1eTH3cahitQ1g=","UwRWGQg2TUQ5X882hjuK5DHYdP+aKinZ9hzmJO29OOM=","p87X8OQjkb04JBO0BY2WJDJHCp3KLPvyaOjfVPvea5g=","a6YPLuVmIzNOcPaO9HODK/XaKcecCpAEL36JmyKw38k=","RqLwvcGRe/LRFLwhmvp0GAW53NprtKmYQrZfx1BiTHY=","NQrgu5q1XSANK+JXYPeiZtOOqjraBz1Px1waMmUECnI=","1JE/DrW9zVX79HR6YkTtqxvae9Mfy2Er2mRIptClrP8=","3e/3PDkaK+7J7vdMF9/5Z0RR12ScUXOdBy7Z+y9Gq/0=","BypY+QRY3cTcrLObROxsKsPLjg5gYPtWSUKaXxkp4iI=","NL9mNRxrXJQDvu81U3FpuXJP0umwUvvwuXE2W0hMY9k=","gpwpoKNt79Qjzgo8Ok8JYAQBB68o3mA3wpgj7aPEi0s=","8rxoBPERBXXQW02Oa3A/yW/nNUdPrDnXkHlOsnspGoY=","iH/cet8pSMVuKgcpyLyAfiNvKR1+/Epc1NG/Q0ja3Og=","uPKtxLwuS3zwbtUtDfKJU9OvbWj93Q/oGP/PvekCjDU=","rkN8pXdyQyfeWd+vHZBhkb8YZ6C/2Ey+9tHwqPlnD+0=","S9nMdBiuz0F8d+V8XQlk3pwcafCy5xX24qfH4MLM2Lg=","aE9ZoxfhwVNywwTdaq5uvN5hj112yYb4cGWrUUECBI8=","uR62GdhTa+EKrmS5b3jUSm0XTOuOM7xAELhX51I2NF0=","3yOmgh85uQ3qLUzI6zBHi44dw4AseBLHlFt08f1upH0=","YLhDRSwJORaNC99IwpC13cjdRxqTB3JOkzjc5HWKYT0=","9GjLmyQgaE8Bj+SHGcT/APIIufNHxZKPGDY+xVazVFs=","cEuMGeIucnBqbVi5NYQypAWLvzVARR/7vRbYgzvSD/Y=","DkGmHez0eFytg67na/KBPbB5sbxGi3f/Gzn91EI2mag=","f2I7fnYvDbERZ6LqXRMqyW2QWslQUNFsb+5VUw+tbpg=","3n32EwT2X7+azlEYvfW3ghKPQuLv6jVPxPa5I8v/YnY=","1KyJ7Er1/c7Ap8hXLAs7r1CmTX+f+gDNV2oNPgfMuiA=","KQFAVq78M04DEMttjJEB/gEqJLh9vk4pTZwC1FaE8a0=","ZtiajdszbOAPWxgmDqZeJwERTeaxsYpcSnyTJW6ddFc=","5NzvRP4XT0x3m8lrqd94cG6F6Pv3wNizvePKkgj5yrg=","oZzYBV625UnELcWc+zW5hINQlMlJZe7IbSMU4vlyKhc=","cwB1MJsr+JH7FGwVyWmdUAkVPc7eTvd94G8PgR/fYkQ=","xU0Z/FsYSLR/w6GSJF4+4B3ATAclbo6xt6SScGhhb3Y=","VPra2QzyK7t0h/wjZrdV9sOhj24LCXOZq34Nr+AbHl0=","mtRSXdw8cWevh/MRGRnQVO7FwRSb4/fml7FO0fv5KAQ=","sSBoit1v7ki5PN9zXJKWqlCYRg42ZmlUrmIMemFdHQg=","mzTKFx2QHASjFoSZXUd2qkkY7BrIOztUYcXM9i9NzUU=","Qq29Q73Dg9jgPmar5XaTLN9ZZtk1e2CZRvWzjiAkR7Q=","l0x6aKRmUmVDKCedsv+fyu3iAkdzX7+h+vBxiFX8aGw=","qQD6mi5nhbk90jLciBGFtSResWjoVJOZyUjfxRNHwYs=","UG/v9acDkUCjIn8MvbM83boGKHNR/IM6X06MSpgLH9I=","t2vDk1rPpYFnHo8rhuh0VlGeHckdu/82F6bEQUw4QIU=","tWhC09uVGeYVW9snS5VckEEl4frRm/FY2VGytkNOzEk=","g8tIRdrYXyf9hd3d7pVF4UHQFvIY9BsuFsFM0UjwV80=","V/MGB9J6JXpesCPMKdOLvus76RnCPs6+UL3cqOkdWdI=","2mThs3myaY/zGrzAW4ZYSwAKcUd2DrbEf9Jf/9DBqiU=","mYgP6dNNTYNAWvj075s7HzEc3hwvX4d/gK5q6rt574I=","A/MCZn9ULI3TL8nEkAujbaQrPJIctgsApekamKIdb0k=","cwIJkS7oCCn6CzX/l3Y0/7ZPHDloG1nyJU8ywc+vUzc=","9/eP4WOqxro+O9WXhXPy63rBRirO4a+5hNzwD06GTfw=","wwxpsdM6Cg2gKTIxmJV4syLtTYufXV4JNnFlYWvDUl8=","vQn00IeSAAg/pHYRA53SD4xhQk5tUru4O2liEZPml3E=","7Ml21HDin3egb0Mb8IqqUtbXIqmcYyll3528iFv4nZQ=","IqUiLFNUU2xTkdClnn7O96HS3UafypudfBsGWVWEhSw=","ZMDlQhpeEpawKvHPo/WPWsjUkOCiz04v2m/d+VkBa20=","pgaT2F7D2xuEgNbHnA/6vCsb0EGEE7QGy0Pbt78eUI8=","43TRSnz5usOpW+EFVbFXIxknvkVbg34sJM1Km6HRA0g=","/sr2reoAMkwgTsdDC6mLIoAPY7HVg+pU26Y1oc6kCTk=","7kk2olY6WCw4Ih120UEC0WbbKxAFs2A84f+xzcHIk3c=","CwzdXaOC2IGV4HMOL21NjBKMQRg+8bFqRiq0q+hF9zQ=","zM4qXNSdn5eSKEbIiUkfsmaduLdR38RZSurAgK39htI=","8ZA+oRmK10bbr9GBzsEuUswqt+EZQ6VJtazdQznaxKA=","EK1mJaOxzOrhWkRKQHNZoKSwxBLE0kqosspr2kZ/og0=","ZVX25MaY7u999CpOihczZlkamk8ZfB2iHC2yS9s0hO0=","loUH13jm5FFXQV44R8x0kqwoWJvhlHuJPWntTuB/Xd8=","O6xO66p8JtL0qhRjADtwg4MBn9Nt61CYyPFQunAb9O8=","bf4KcKVGzC99F/RMh+GyCTUwkfIvl/qNI+MYi5Mxd6k=","lScoWRQ8OHhypNOaH8Hlx6Owx08nFoYnxF6CxbzNPnc=","CxbQFhzllA7tNLpv1bSTR2H0nOPCj3OPDPe8CDO/CpQ=","8hSiXDse6sPh3KMUpt8Zzd+xp9CuhH7klxhbh3Z0qVg=","5A3GxDRKF2imFizpRbTJ5Rh7+0KGOFClYT0HAaJBrxg=","vS5/CDPV/DCFBRALrl+YkEmDNnpbIC4ge4fp/WzkQPw=","bHjrM+mtZQMu2x4FR0VGWKWCWZCLG3r6yFJenasOZRc=","+xpKsnBVhNqA7/aj/Sx7CSEP0dx/h1WsW7ObVV9MV3w=","kYyjEUUF+i4NY/nKyw99zIeMFUqNXHWSwGIcBByLoTw=","VvaeVEHMf1Cx+X5BPpfxDBt2+DY3gN9bf4k4Ck2sq1I=","+nax742Dx34wDZejl74TSkwm5PkAkjYmtBCBgzA8ZSg=","wFpvS4KacQtWvIfSfzgS+qwvAaV5hVlpmVEJMVECcQc=","AhlojZVjjs+TybwHBD/knbt7OHTaFRw++vquFXjj1vA=","i+1sjfuPZf8ZdubhKNLvXsgMcpYS8H8QQ/E1DVkcbWU=","Mj6l3YaHoIJ28/+GSbc94dlNKiLDJenbzU3lnXVBBxE=","p28x5GWsuLTwDwTCUZ0CtPUugpBYO4dpsyER7+o4gw8=","kQxu8G1C4ZQ1gGM3oXE0/8C7G2xbrLx1nUihYkU0AS8=","rX/yyLvuL+9YG8UoaR4REs9n4ky6n3CqUuHZhmC9KQ0=","Xu9WRfFi3vA7lgBBz9LmWekkWW5WnZPzOzWrZ/aKbMY=","PTLuOJQIhT9uY2T7eV3akhk3W4HJYp1cXPWoA0lTeJ8=","MHtIuQxmatcjxfx3BEgpVtCi3Akb0fjvM2y46Rx7Jas=","hbAKjH1EcRKeXE0AtJstXwRxAzJV4TRQq7GfaTTpc04=","nNJ++CvN5kLbaTeL8rMgMiEdU4Az6iCkfKmx5f3uAc4=","lbG6see5xzyiaZ8fEBcNbi4AFJsoq676L9NOPgDw7fg=","R2xsk+IiywZ9WEru9c541h2/O9CcvuWjK3KT3Cz/fMs=","bXVLj8j6RlSx7psrHi5qFGvrl2g22sWo0wgpQjlDSA4=","j2sXka/8n0/7zVgrWiHUglqJA+iLD8eUSl5Zgq4oMeI=","BOCyhIm3LuQc9HCZKBAgRyO0v6L9S6+MFuDKTM/fi0c=","uLM5W6sB2uTPFUuoec0EHF06pMa6YtH9Bp0v/j7aGKg=","amFyV3td1SsjoMtWZf+NPoPEoYQR2tWtKFY1yGbdqo0=","7keqpcakXJTLGYP1Bvio1sIITYK8XoEkEfAxWHhfYHw=","1ayiaSGk8woQtLh+J3xeuHHii43k/CqkH408KJ25uus=","cNuIm/CtU+amq1iyRFVWeAtqXvHsG8ptiLsGkcM22vM=","LRoLrHfW6/vOVFWkY8UOEpcKVqbBEVHMynbbRnvsmdk=","jtAULDYl3VY9AItvMpQUOVmPZTOgXlkPOcEA7EE8Gk4=","x1NoO+hAW1q4VgHb6/YQlfDqD6MRGIzu20xeTFiMa1k=","HN/L5E7nWDa9upmd2M/nQBGohRcR3YIv4ZhW2rPOGDA=","cEpfyRlIt/ppRsx+JUAJ91WObpGdZcfcVfVbGHsGqZ4=","+crMr31bL8qxQj7GZCB4BfOiEpws9ulGqCpCk0x9Rzo=","5VvCpnzN880KqA3q2Lr9kgb2gSEmiG4tAcAXk8ysMX8=","NpQaQToCsLVyfrM48dnN2NnG1YCis6MNRGLDZvaQpvw=","D3ouNLwF83Tuu2yiDIMfs0JOzlA/mE7PZBvFzva86K8=","Lf8OOQOKJF0AJAPJswvPC0EAdya1Dfu2+FEjvoue6o0=","RjfVkuV56WFSBN39SPnG7xaCM9sVeQlCc+dgM5DzYO0=","pzxPnwkYxPvqWWKEGBApu5Gp/mCwBDFC8QD+pGVKMM4=","ksytDW1MOjqvUoDctcu5VON1PSAmJmq5h0t4JP5M6vM=","VEcdBWS1waTa5fzi+TMYlzlx0845dCMDo/LLDeN5/FQ=","lqWvr1OXGI16rfuOGhkxVs+EBOZTmLK9D7lygnpoq1U=","5HRDqs/aSopxmXFwu02sYt1Kf6z7TrsRuDHsHC3D1NU=","wl9p1kh0mLw3uW1IAlfrYhF1QzyCnhTihyU7EPw6KmQ=","OpDmTY0xxcX5A2dhGwLGsK5lGBhzLTaQuCqqqWI2fTU=","wnKpybZVgTMwyuHFhcUyvHoQcOK3uCDkBbv3EFq+FOM=","zfdHx9kSqvfa8eCZQJlVZndeyxwkP/LpRIg/yDQoGYU=","Q4+pd1E53HcrO+7iewLJkvZEoWk6FmFKcAIHOUb7gxY=","26bnZ/Rcs3tpafxFBL0YuKntqUmgh7KlKIfFsU0cPrY=","aiaMgxB2X6T1TJfc4k/y95NaxXk60Xmh/8ODhkYjVeA=","RtvpIeCOq/M15IHqGz1ai90WYnUjVI+pi1/LMs1e9PU=","r4T1Zl574tPC7+D4tWPumdD6kOywhsb/25LQPt/7Lbw=","wzOyx37pkpq41O7Lq2FHbczLW4TabaAiNxJypYf2U4s=","6E5T33Z+fkunAzpMT205Br8lpj9qkdgoGO9ARcr0jdA=","54ONkHOkz+6GjWPYzjPm4TbnZpLlIcprkVQ6lcNWOG4=","F+t45kwzHje/hfAPheEih5a/CobkZt/G0Angmuk7ORs=","1WJLgfQWhXIP+bg+E1VvT7fcIHSc+lENYNTKXMVBGig=","C4GVjXUSCRxvK7RIKT4hqftWkcL1VWuTtt6u/Uviuxo=","Bzg//8fynvk/UFuYfpY+BPrG6TzmQ5S2c+GGb5E8WbM=","MF4da1oEPdJu1jUamUdAf6zca0l8vLAgfdxY0DO0exk=","gH1YJMTvw5QXZ3OaCkSvtqfUiDSsYSCwAbE0TsgZhmI=","NMuvlEBWCGFaIpqsVhR7yVEco20Klv8UqDnLswGXZdw=","yBMp+jPOY6TnqZWS2RTDWaOO585HDaRBmvQz1EjTg0Q=","HQjrfywLLOYsCAmq0xdJd1XYfwxploxtUaJxYXj0als=","91ZSYZXH72he2IoerFeWJBEb5JwMrw84KqrlAL+ruwA=","8Xiqwiu6NWs/R6Bh5QmuIVhBxtIuhPhB6zxDuVZFGOc=","B//EP+4nGOZBsQ77z2/tvHMOlFBV71PpSE1eR+jxRQ4=","G9J5K5yPFf3o+82C/BiyXoPKvzVnZSyLHzQpLrJNd5Q=","A57xFDuWQetvorFmEDEZGXG+CYApi9rg571Cr+n9+BU=","PkeXOsu1zx72Cl65J4v9oH8DXYYzb6ynbna2m35/+i4=","bWETMu4qFC+64vnOPuyJ9uicMsT5W8gAKQa/l4OIqAc=","iK1bTV0KM7ox50qTVPM6EwOQMB9q4GNW+UJRCWOk78A=","RMCk7AKAwYQZ1sk19XmQC9i6szrsU6NzzsOQ00KRMn4=","H90v86QjdPtsxjTn2LO4l6Ts2sRBJZKaRGpr4OeYq2E=","EPQj+8wjuk3zbqP/MFTdAJ5YizBqQdMxAs9L//1DIuw=","TqddbC78c5c1gyx9tpBm2J/1bZJ8CUy4UnFfa6KlO24=","YrS5lpFDk+7X4JeoaCnhL5ViT2+0HwdWJ9eoe+EJr+Q=","JInBrpt0I8ogMSUXcZcNfaLLlQAm1nyiK7bjblfgtDk=","CFHSdgEDB9LpTd+2gEH1DXEdBee0DJEym1aGhBmCfRo=","PTcP8JAXlMoBjBpr4OLOzV0ERM0o+ZWqk1mc+EYcQJI=","O6hR6wdkzmcrl+F/gtmh/vNOYraPP7VH0D7sXA+iH/I=","GCERm01sLhxdQFSGMdfdTobdDlA05x6M9f9BuNaZdCw=","bjj9RGRUQ3v1Fc+dq7hrcYhvCwgxfNeZuTeB+xvAnuc=","tfEn7Ns0RcajJiErqMxLW7OqDhxZU0WlsKtSwKMccjo=","gol4nq5G8MSuEHIW1Eqsj64v88X+c8XbSqQ7o0MDVUI=","Sl0AcYEnKKKQFloS5sPo9WTAIjC3h80m2zUPv2+yPxk=","K3MKNjorX3+LHCapNijgNXqn8KT9xNwNymSwzii8rjM=","o/Br+TB2po4jQhpmquu7n7nKXkcfViJ1ql9rifVN6ok=","AK/idJt7Zdq19tF/85K0maaCxPm6ym60QFFqdph8vEI=","B8MssMXtESK04B/GbipK2VAZUe+85/ioKuFN4UkYKE8=","uu+2zJDV/2eZ0g04Pabqg0S7XRf/+abX9muqwCIrOVk=","8PTAqFZU+gBA1OCKUbg+607z1wPL3XIqMmEU5w54ciI=","CAULAIkWxofMSJV2OfQdEH7iAPOUNQWaF/7ieqt8foo=","Hz7pAfgzz3XnQQ+Eu0RcikW5MLdXZUX7eKgeFabpF7Q=","Rdnk0GhBMXFy3Mza+8r7gHjFgl+GTNyM/kOYWM6CwJg=","qN/nP/z5U29WpW4efNRRxweFF8XvL0ZVf/AivpxP3c4=","tlB8EnBhuHGOz+PC7uuVYMqwLG3TKovtNoiZnaa9Uh4=","rm/+2d6GZUtHvcCkGuFqNNTf8P66pcoXEy9ENWHixCY=","XY541Mqv8m1Yhn53qFRepIBr7yIgmFAuGCOMvPtCyGM=","ijKUiLpz+lZbnnoSWI3YD0Y3/MUl/pObV62L/7ninjk=","oy6xem/jNj0rnE6R8RqLuZulAm+Lv7PIFpH1XIIDGFc=","eokGjZvr6kOsdlHp0kIGFeHwuSeghW5srNdZvNtYUoc=","cNFkDUuP/VoUuGXL9UP55Fqsqs5TTSgbXbVUcJmgpCw=","u6GmKequLg0Q2o/KN33n8wfawpyGFEwTxRyNdlbmm3k=","7u4zivc1bzc3qEYvEnfGYHXjDIveoQDxprzh5eYKg+U=","dkjgKizTT8oIfRrUWlQnIc55a6irlc+UoQM/S+AO8sM=","oTieVQUWoO4wbjzmth+OJPkk66QZWc4m40H4I3qjDDY=","pDvwjSZaAU/GlnQL4nrQz4kAD34bEpDSsKBNRMy/oog=","1lIDwLtbJwfUqXoWmQXrWhl6/MOjCAJTp9FpDNTtXJ4=","HI5beNuVK+nmhia5nigZaTyteEaGUmAa9SgkaOfWPKM=","5x71vtmh+u92m2EDDGs9aLP9ikOoIa6Iq5zuzL+lea8=","7Xy9nwE0WYjeqsNkz4t/FCGbCPEfbZyhmBU3Pl/9u/c=","75V5NxbOCJ0Hazymhf0rE8b7M65F0R8w/7yRDF8NQnQ=","ot101zpH3tUz6hbkbgqrpySgSP7XmvR23fsmEJBlYRc=","a3HS9eF9aBGeIO2ySlrJbs8ipzC5JXH7w4+/P+5IBcM=","FLK9mGsuXiNdmk3ZbDi0JxtrWrJk3Z5pig/jdJSvZDY=","h0ouYYTL1YytCkezmFYCy87DVriOdAY9p8AFzWtogv4=","RlnhQzgxjjnIajx3a6fCR0i3ulnzuVB/rfvK+VhGUAc=","NlKLb1jwUg3fQvB0ydWy/B0ft+w5x8I24CerpgyuEuo=","VUH4pnEqexbwbduqobkkRmaTDgQJE27CadjDErk/EXM=","TesW32QfuB3xWKdhT8wO/zTgTvOBs/0o1/YMX5MK4MI=","TtoMJF5OnOyT8oBwYIjMARSfy6cU/7TyIpRg7/XTbTA=","EDJ+ajEDu//v9VbcvdeGEQKexulFtMIGmkyh9UkpuBs=","rU7eVkChE4CbGtxi0XMm8sQVNtv62bQF0u5PZoDAhhQ=","w0IchWID2kXWWhBGHD4ON7c4m2I2ZLzzD+fWwdKBs8Q=","YpiGMzyUI3bL3Y0iAaET5NVOByLwHigMaRtOON0YZ3I=","Lt+fSEZvxsHzkN3aMOeWuRY0pQNC0Oje035UWWWik9U=","CsF0sgs6fBVafeIq8mZrLGIFzTX94O8EL1Nvwe4JKt4=","PUp7rSOwFogPPjpSDmZp1vOmZLkl16gXOyEyTvXpeSA=","34S7owZOcTjrQs0KdHnPV4048ReG0ikrs3mAEenf6yg=","D3/WK++6vN90W3RSKVOhODG6GaIOs1/tUWwrWKxvDBU=","8RG2/LBF3ZI4N3Kmb/D0FQooTiDsm1QFaEPQP9Vg1uo=","ur3jfGYptgVykyNeu69GyL+HgdlPjOMbGGuHOUmdCVE=","dyjjvetevR4YRqU3BrCExRt/ROZ3t1y591C+lhJTEqk=","l+g/zOU1HYpSCzHWKKhQw4Ai//9Xzr/UNdJzWzpOuNk=","YK+vEDWTNHUCOBzORicCP/+k1xIpydPSQc1inwlUAAA=","qui/ke0nNlvyWtQ/g/HS+lXoyGNWjEG4UucsrWTusr8=","h3W77XxoX5cdYr98zXCE7MFQvCLJEKGZbL56YB6pqSo=","eYtoLfaXfhoMmDJky9trchDwgyUeYHr0DSC9zTaXviQ=","aZXX12uH9Wppy2TES0O2a+o87+mZ6YlLXKwDp8xLUmI=","IhdPZcyxc5ip5a9Lw390lO7AaWvMKBMAtLoKN2ymjBY=","kPrjUljXeHQxoB9iip/LL26pJ3suko3olW9ev2V8YEU=","jlmoANUuyG4a2LH5u1UEpLzNo6VfKlB5IpjHx9P2T0k=","FfowfDMFuHDOyFuAuF5/NggGYiDGWN2T7bJMC8LO9dQ=","gmBOm+tcFFNpnArODNO1s4EEjunducvyfHkO+hGxArY=","XWGSJzVkYiEQqMBqeKQyImIgzTiPQlY8ssaZ6A9Jgfw=","MEQaIb8BPQA94X3dwIlZLa0Z47QnPQ0da7ZyWlrO8dA=","MIqOCz7qjOizbWepYbJv41IWPe0cK4NrHi8bObwu6RM=","tQQq3z1imy9z/fMMqINcloy0VSa6RTHpllpRaf7s4v0=","g65R4ECdBhsgmsaBWe7cC9CSD/LuxSO5m03xuJYajuQ=","es2/rv2OAe+39rfR1a69zFnwZj0CaxofOF60GVHFar0=","ZraqJynrObTb82KA1XFIRfELpIoBaWiqc6lTCFYWTM0=","zppCYTtMqMYN7lWi3FJNCxKftBfiLIrG9llJIyxHhMc=","E9EtPFg6eV4URevYEmt4AyfjgUFJjKoaALS9kc6zVyQ=","BjW3/OmWmXpnY3rYVhxYeIQ3duEM/f75zOsT2Zk/miI=","2rNa+WZISZ9cDItPCvX8DQXqV/XgoHxZJdW4dmELkAQ=","ljNoIHGCQgpL1dEof1Zn7tagiydndjraW/QnZ3xKBRE=","Um0dd3TMnLm5fMXJNsSwQIo2qvrsbCIqoqn+oSh9fhE=","IfQT9WnqPLm+1Lddb2Nn3OxEeQcFlyRHblex/TJ74/o=","/PApJkPe9GGURP3riqOj7veflo0vBhwHd0cOVO3Wb2g=","qGAQ2KZLLlsh6uMJbk+IXW7YabC6tJsntE807c2dykI=","ruNPQ6fJFD1u1W5cUSBkYPDoUPJqNgjZ2vjYb49+yV0=","zLVcg5lb4D2rCr9Qh/3wp0Xx0NXihJ+/i99b3Lh/TKs=","SOpoqraL6cs+R9pmtLGM3aBLuoBkD9Jme6jX9Pil80c=","MoT6NOXl4Jwb37SA9+ZC7kRuRo1i/Md5ihlYQPTNJkM=","HNsxyFIBMjenc9fZANMRTY6vOXLVCmOGPY2GTDPcrvM=","h5p7W2KGGJwxgIlAIGAnztbH6da53EVruhVIE5aBVOA=","zDEl1BXGYz2P+Vbun877bCzbG96Mc24yTgFth+yKddI=","pRhhQRBpyAv+12aYdl7HwyW2tSFV2Xg6bom629INH9k=","wnCGguveTlcTdyuN2LlLR+0MK3MFRVaMbRwAYnZUa5g=","fvmdIz+3pcF3t3w5hWQPNb280EeXAiU3uR1C6V54Emk=","ZOjqZV3gpTn4ZAxJ52dWCy2CB3uAPgexhjmEMOpp1rc=","lgn6HQT1ks14AeMaqLik5qXd4h8ApiZ0/HpyxRlWIr4=","DrPu+EMmBnVbj/bx0BMbBJl7sLWVArtuIP7mcCfO/WA=","CPt57oxnAEeJY+Y+H9C8rn+kzqfCjQkg+SKxutO4df0=","B/ddHzI67kZVBKXWfRTOFrUSxBhF3/aimYRNNqE6Geo=","SuIzy7ObQgxGL41E1nmDBHJQcUdwjGjwIzUfOYJY2Ac=","Umyvn6D8SRtHZ14usGja4XcZcOh3Q9Ywa533OHW/AVM=","UDw0l6+PSV/JY6Rplnh0Bqc8eb2tB55+B9sI87lDVWY=","UcsoXBi7ILEDm8BOX3AywHt6Y+dPcRXB+kB5doHARcU=","bcwccIMDCngNw+QQQHNXknaC8TW/CX6peipXod7Bfac=","yDMUnjDP2h3RK0c1pygGjwD5SUxW6gXkb3caKNCcN+I=","G0oRzWuO+t8VsDmCSX+9T50aK2iLW3lO8aXRT2SVNYU=","vAS9cB0qJf89K7J+hy6stX6ktqPE9cu317mo6pLWWqo=","PfFTtuM0DPM6UwCEffqtu9BBgWaq9IfUZX8srLSiLYU=","a/cMW75VrV21Sva7fwsysUPf2FysfB0NikwKLynoykg=","klKHLl/ZoTjEoOJXWFfj6SS5kPrlLRp5BL+k/7mDzJw=","fBBNVuQqBw7Wqs7edS1OPKVTB5ULCl6uz1wKXIPkpvA=","0Uo3Fjs5Qixa+DZ+l39lg3kB+cGii0A7tK1DvazCRKU=","zusbqA/PzELiyNzxuA/cE/HD4K2lem/RMCOIPur2yqs=","AHIVdTjNpx4LsUfjsjz0D6mpHU27wtdVxVc6ossLjLw=","sc+EVQYWyuNucF5YtMgoM9rG1oa35Ti2ITI6L8977gY=","z58PH/7GDrBbyu+wxN4pAyFtK5oqpBaas4OFwp1lHn8=","TVViD4jdGPifuVDpXkOM8eqgGgFbOUjOm1id7pLCCaQ=","aXm24ZrCxDD7HfIiOwmFF5ux5T80b6DSyDYxoIOyfBY=","8ncT4GqjTPlB+ONeiobvTPZj5QXw5TD49mYzuPw5sqg=","yUmFjaCXsfC6J3xHQ8c+K87OTiH1LQm6V7OHr9C5ipk=","DB2D6Gn+aNxZnLvK/KB+3eIS0OA0Q7j8XfFDNVSOuVE=","j/eXnQ+cXJEyxFVjCZLKsJifqL59HIhQuSg/awq/6L0=","D1JqoKAgynu+NIeEk6zs/XjMoyV+5RHaZg/1i7B71go=","iC8JJ6iCDHMWMSGBzY3Rpp+xNLUhP4ShEUxlMBjt8A0=","uzLiwJe9ezwcwhMU6l6GQ8YZFR5NamvhLuB4No38NtE=","0Rn3HH+kPiefDO7WVGPQbnW5mYp2TGgnCyldEfiwJoQ=","XEJkDZvOv9lJBUm6kEFAmUYgMhHhM89M0f8PPsf8pno=","vOEICdY/Qc1Kf/47eJ20NqPZZ162/Zr2n6Vviy/YP24=","oa5+/3yxfLKzoZYbbeFm9BkL/2HvDRFi5C8Oz+8z8zY=","JBRKg+ztjsbKCTr4Hl44X7ktQpnPagwGZeia47KgzJo=","/7Rv6ceVCWPCie1XvT89gMnXuwzYXbsg6GrgPewNaaM=","c5kyEU+/4gvU+o9WgLCSZja+13/+NRZvWU3Mq/LZLqM=","ZsYFIGu9Al8UO2HS/1nJxQvawEi0ikknNlSdwXvsAcA=","q4rKSOrMN+w0hNvBWDJfMOdVjQzZRX+VlQ7XO9Fy/P8=","1XYTHhb5ng2FL7hlJTNbGMDbtgkvNTZweNzrIAYShqg=","CDXZAHEvLwqAUjQzOPJtilnRHHzfpm37ojS68Ysb80c=","oyy98n379GN5FuXN0o1XaUgjLwLo+6sUDeRNt/zXgUY=","PcMQXVSRvIa5gwTBMUy67ry9eZGHqXtjv/TbIzCLmjI=","koATep30pSJdeRQ9P/vwh3ab4HJEJY8IkZVWfVJsRXE=","XEYaukEVnNpoLaSKo2vQDpMLxxJp8H1rOlBRMOu69hw=","RywpsT7ryGBQKJErMNzyPTiPY1dofDajn7ceT+mZJ2I=","VcK7kZQ+mh6QpagVXa+JZEyeq02YQgg9vWZBUZblcmM=","2w53HMwSugPj6vMAtrwcr+2FgmhWlKTCcB2eBCQo91c=","pbcF7iJ8g/TYp9RW9Ely4THNasFdoUDE8l1YHNDpdsA=","IxCV9YEJJw7pJpnLq9ejqhjVdwSNrpyxos4SNZK3phk=","Zade9bF2OfUO1snCquKWqSTdD8/JUD+8tlzn04zhNaU=","s4NTznot3sbzhGZagmFwjuseYuH7hCmcUuUcHY39WCs=","yUVRX8UeBFl8tMxCdX83K4KhhGE4F90Js8s9lIsmg40=","DdhX0QNk6kTXwpu/H/WxO5I5B3GcRqSl8fN38Ag6qa4=","Xx3hQp8igZe0BfsYWTOc3+AM4HWrGgkcp9um4tIs4og=","WPM8PbEJztrkXsjGG96UnfFSJG+5TmK4cE4xO8MKQWM=","C2lmOaunZJII7UZhtztx/pd3Os41vrEaZq2Q7HKb4q0=","TwrcXG0A09UUrq6nhS6glW+JQ4VK40ebcpWiBKRzwto=","3X7qwWp7SrMbWfA+Nw9sCqLbI1+uVXjEX/PR57ikVGU=","Nf2i63JnCIwRSrzUM9EmRm0GaVAyIF0JXYfurmtkk7k=","RLtIravinhAuN5uq8s9BfHYtejKj1SfBC7HUmitWJq8=","RVmV7XD/Kbh57qNH0sKlRrmU9rPfXH5y+ZUiDjQTPlU=","95KBLB92e0QSC0LORUOyCruzfs5+EjqCL9qOjJRVRaE=","YlZq+zPA+kjJHE34agXHTsAdAtXC9HHRiP2y/qw5j8Q=","PGEhCqqI+gmazzc91eMR5ZNC/RKyNcqWnk52h+cJjDk=","eJgDA3wifvGunFpUqO2jOOKSj4ZsOjNgVtf0Pp5xxJo=","qKbLMIbSYuhwenuXI+JoPI7xjnivYRO8ZPmO6HFKgC8=","lFVuXjsZcXkTIIcT/bj4Chr4CWiro8mnTpC2O1eDI/c=","3b9AjC48EG3WJTu8Cko/J3EpuFjWNpSCw1oGycFi4ks=","sKiYeOUhTBTq0nUyLz2XpFjuUdNUi3b6ey9wbs6zY/8=","HxvmPEYmGQkGU0+xd14cSxgYBmxbUvxTZ8Jk/cb3wAM=","OPozGB9DGxr0j3TfSNL2gozHAnjEilFzBlu7bltaWc0=","TWiYILtopiQIENAbNUCEeCCjLc0AfzwsgaSuBwKPk4Q=","NzSnYJ6CqGVuxwU7yo1E/VvBcpQBWiVxGvq+bofHVLA=","N/ojRVQXiIJU1yBxuNgo0XFhUiM4bLglwcLKkyx3jwA=","fKd+PRPp2DQ8h3NzHKy6U1yqWxKOOcuecZ268IKk/nU=","yofLUQ0YX8wm9ASvLIg378FC8x/ceWE9kFXLJat5kFI=","ngUp8gy9aS3KCvk08vPDNnPGbeZ1WTC2rK9J7CHookA=","sNppiSX1aGnnvBmETzjBjcGlTDQxJiSErcSaR+ZnNv4=","o85a5MmlOvEs5AlGLBeimq3GQp2Ba67r51r8SUOTH+Y=","PnqZOGns6Bo+OoQGR8huoue87nkBet6N3LG9CVFQ7hE=","/vhIF0v6BgXxj1+E26CWHO5mlkysI8advp4d6afnDIc=","4UAf3RVzb+6U1iHZXZYA2t38dxW1VDTyXdRjGjadom0=","bp09Imhgn/LY73Pk57Clj9ykskGmm+wIDKqHQJ20AdU=","eYYHKgCFUUP3s6cDSNOq27X2FUy2ucY5bdrQsGzr2Zo=","/xWfrD964vRjqc9DxhXc44/195SzOnFb4Aw6lLuhR7E=","7IXrS9x6Pz6RL8PaKGECR6UrQSsvBRray/YjzZyCIuw=","I5TTwnvPzCsScs9wnj6pex1TqmuL6S+KPtGdhi8TXzY=","5EGmQj6y+vVIrwhij24wO1K1Sdy37E7ziRrF0wDCY3E=","T4O4DU++FQdGjEsgLXXBCiQvxDxMPx5PhzLNHVmqNRg=","EU1lHWnREkMmy2S5HOAe5KPqtVzSOjsxczc/witJBfg=","+FD+UqvYky6h3TqSd5GzM3kpzCbo7/zNG2ZP03qUtyY=","tqZbCV2j76PA6EsslcykwK7uOdauk0eJWm0OtUSXcGE=","Sgnif4a+p/jC0Dy1Rzx4Ehgv/QKUeCiNbrSzQFQQNyw=","Vl/MO3Z3BNYHmFxar+Uj+CSO/An+cpZRbfwfoUjtBcY=","GGcU6jh4BwEioBmecSbnx6mB/tVGQ9Elk/DpHD7pADE=","1sr1noE5sYCbPv2Ut0Sll713Mi53bm4jx3yniqYtqp0=","+JYSvMVAKDpLr2YHCyc73AJxiQ2Hz+DwvcYPQfOq7mU=","ZIoPpnMxHtciz5OG7PGbfzyjQISWYbsI1TCrdbGUdLk=","K5vVA5b0KdVGjEJaejW/JRgltIZb1IOB/M32GW281cE=","KTeb4rmLgc3YMrm+aK7GlnOyTeoocoS2QmKc5KU3KDg=","2jdQTeDlDko+36YcmmtR/64eLHabpEX7DUtih/JJb88=","bgF8kXsQJGtCwRtNz/dD4oiGWj+TOx66nKO6p9Qv1js=","QXxcSLhVNICp14sJBn+CcvNdIuW+hjMXzOE4W5TC0Xw=","sWkFxZyhVuPsuOb6Lh7c8mx7o5R7rG7R6PEJCDO1OwY=","CXEU9YDpGdNWeQcmH4hKhvInY9vf3yyE9t3tepvtDH0=","rWx2vfxDpYs2gEDJiSytbKSskNL2yp31m73uyizs2aE=","Cqb5f76YlYta4I21B/nj81WczYML3cw2hxBP/XpqgtU=","LHVBx+FEYkFCy3xPpX0YXko1dE5h5bJnGU3aQxibfHk=","LF3iVc9/KzEXh2tDTcn7YGrDh9I0mE55G6IB34Dq3/8=","xzenCA0k21BoGgZLAlxeXrIZS1sGNCWjnWc8PUwM69M=","7sljo3ISvA9Li5wvFMZk0RZDCLI37rfzxXfztaofWYc=","tFtaGVBKi5gZ+w4hNr5/V0mpjXpaZJTwFH3ERWwFGp4=","HIJEmuztIno/+/UiUkY68tYXu32K4uSVUSeJC6B8Nb8="],"block_size":4096,"path":"window.bundle.js"},{"block_hashes":["RDegqwERlbcKpWSJpsOzjG2LI6TotLPHSM3wv0n2Tvc="],"block_size":4096,"path":"window.bundle.js.LICENSE.txt"},{"block_hashes":["GsaL0LjPG9ICXVA7K7Tg6J+V5NQPRzyQw3N+QDJUu4Y="],"block_size":4096,"path":"window.html"}],"version":2}